ID,author,author_id,year,title,booktitle/journal+editor+publisher,pages,type,note_lang,note_theme,pdf_link,url,DOI,ISBN/eISBN,annotator,,,,,
1,"Ландер, Юрий Александрович",lander-y,2024,Псевдоклефты и «вопросительные слова» в апсуанском говоре абазинского языка,"Клычевские чтения - 2024. Материалы международной научной конференции. / Отв. ред.: С. У. Пазов.
. Карачаевск: Издательство Карачаево-Черкесского государственного университета имени У.Д. Алиева, 2024",67–77,Глава книги,абазинский,морфосинтаксис,https://publications.hse.ru/pubs/share/direct/918924565.pdf,https://publications.hse.ru/view/918924568,to_find,978-5-8307-0730-5,Кочеткова Ирина,,,,,
2,"Arkadiev, Peter and Lander, Yury and Bagirokova, Irina","arkadiev-p, lander-y, bagirokova-i",2024,Applicative constructions in the Northwest Caucasian languages,"Applicative Constructions in the World's Languages. / Ed. by F. Zúñiga, D. Creissels. Berlin: De Gruyter Mouton, 2024.",869–912,Глава книги,"адыгейский, кабардинский, абазинский, абхазский, убыхский",морфосинтаксис,to_find,https://doi.org/10.1515/9783110730951-025,10.1515/9783110730951-025,,Кочеткова Ирина,,,,,
3,"Багирокова, Ирина Гаруновна and Ландер, Юрий Александрович and Тестелец, Яков Георгиевич","bagirokova-i, lander-y, testelets-y",2024,Мыст… (универсальный филлер в адыгейском языке),"Состав науки: Сборник статей к юбилею Веры Исааковны Подлесской. / Под общ. ред.: Н. А. Коротаев, Н. Р. Сумбатова. М.: Буки Веди, 2024",217–234,Глава книги,адыгейский,"морфосинтаксис, грамматическая семантика",https://publications.hse.ru/pubs/share/direct/869490178.pdf,https://publications.hse.ru/view/869490196,to_find,,Кочеткова Ирина,,,,,
4,"Ландер, Юрий Александрович and Багирокова, Ирина Гаруновна and Архангельский, Тимофей Александрович","lander-y, bagirokova-i, arkhangelsky-t",2024,Адыгейский корпус и преподавание языка,"Инновационные подходы в обучении адыгским литературным языкам в полилингвальном пространстве. Майкоп: Адыгейский государственный университет, 2024",В печати,Глава книги,адыгейский,"корпусная лингвистика, язык как иностранный",https://publications.hse.ru/pubs/share/direct/345447812.pdf,https://publications.hse.ru/view/345447817,to_find,,Кочеткова Ирина,,,,,
5,"Ландер, Юрий Александрович and Багирокова, Ирина Гаруновна and Унарокова, Шамсет Шабановна","lander-y, bagirokova-i, unarokova-s",2024,Обособленный топик в абхазо-адыгских языках,Вестник Санкт-Петербургского университета. Язык и литература. 2024. № 3.,В печати,Статья,"адыгейский, кабардинский, абазинский, абхазский","корпусная лингвистика, морфосинтаксис",https://publications.hse.ru/pubs/share/direct/869503928.pdf,https://doi.org/10.21638/spbu09.2024.311,10.21638/spbu09.2024.311,,Кочеткова Ирина,,,,,
6,"Ландер, Юрий Александрович and Унарокова, Шамсет Шабановна","lander-y, unarokova-s",2024,Принципы выделения местоименных серий (на материале адыгейских демонстративов),Вопросы языкознания. 2024. № 2. С. 93–121.,93–121,Статья,адыгейский,"грамматическая семантика, морфосинтаксис",https://publications.hse.ru/pubs/share/direct/869504045.pdf,https://doi.org/10.31857/0373-658X.2024.2.93-121,10.31857/0373-658X.2024.2.93-121,,Кочеткова Ирина,,,,,
7,"Ландер, Юрий Александрович",lander-y,2023,Именные vs неименные сказуемые в абазинском языке,"Клычевские чтения - 2023. Материалы международной научной конференции.
Карачаевск: Издательство Карачаево-Черкесского государственного университета имени У.Д. Алиева",5–10,Глава книги,абазинский,морфосинтаксис,https://publications.hse.ru/pubs/share/direct/837372185.pdf,https://publications.hse.ru/view/837372192,to_find,,Кочеткова Ирина,,,,,
8,"Ландер, Юрий Александрович and Багирокова, Ирина Гаруновна","lander-y, bagirokova-i",2023,Множественное число приблизительности в адыгейском языке,"Актуальные вопросы общей и адыгской филологии : материалы Международного симпозиума, посвященного 100-летию со дня рождения профессора З.И. Керашевой.",84–90,Глава книги,адыгейский,"морфосинтаксис, грамматическая семантика",https://publications.hse.ru/pubs/share/direct/837371812.pdf,https://publications.hse.ru/chapters/837371828,to_find,978-5-8307-0705-3,Кочеткова Ирина,,,,,
9,"Lander, Yury and Bagirokova, Irina and Felan, Paul","lander-y, bagirokova-i, felan-p",2022,Number in West Circassian,"Number in the World's Languages. / Ed. by P. Acquaviva, M. Daniel.
Berlin: De Gruyter Mouton, 2022",261–304,Глава книги,адыгейский,"морфосинтаксис, грамматическая семантика",https://elib.hse.ru/Ebook/pdf.php?name=Ebsco_Ebook_3286328.pdf,https://doi.org/10.1515/9783110622713-009,10.1515/9783110622713-009,9.78311E+12,Кумараге,,,,,
10,"Lander, Yury and Bagirokova, Irina","lander-y, bagirokova-i",2022,West Circassian Imperative-Optative System: A Study in a Prototype-Based Organisation of a Grammatical Domain,Syntaxe et Sémantique. 2022. Vol. 22. No. 1.,57–81,Статья,адыгейский,"морфосинтаксис, грамматическая семантика",https://shs.cairn.info/article/SS_022_0057/pdf?lang=en,https://doi.org/10.3917/ss.022.0057,10.3917/ss.022.0057,,Кумараге,,,,,
11,"Ландер, Юрий Александрович",lander-y,2022,О понижении агенса (в адыгейском языке),"Opuscula linguistica Magistro sapientissimo dedicata. Сборник статей к 90-летию Виктора Самуиловича Храковского. / Под общ. ред.: Д. В. Герасимов, С. Ю. Дмитренко, Н. М. Заика, С. С. Сай. СПб.: Институт лингвистических исследований РАН, 2022.",114–124,Глава книги,адыгейский,"морфосинтаксис, семантика",https://publications.hse.ru/pubs/share/direct/813716099.pdf,https://doi.org/10.30842/9785604799888,10.30842/9785604799888,,Кумараге,,,,,
12,"Lander, Yury and Belyaev, Oleg and Bagirokova, Irina","lander-y, belyaev-o, bagirokova-i",2021,(Almost) everything is oblique in West Circassian,"Proceedings of the LFG’21 Conference, On-Line. / Ed. by M. Butt, J. Findlay, I. Toivonen. Stanford: CSLI Publications, 2021.",223–242,Глава книги,адыгейский,морфосинтаксис,https://web.stanford.edu/group/cslipublications/cslipublications/LFG/LFG-2021/lfg2021-lbb.pdf,https://publications.hse.ru/chapters/616057490,to_find,,Кумараге,,,,,
13,"Ландер, Юрий Александрович and Багирокова, Ирина Гаруновна","lander-y, bagirokova-i",2021,"Цилитивы (‘легко’ и ‘трудно’) в адыгейском языке: семантика, аргументная структура и частеречные характеристики",Рема. 2021. № 1.,56–75,Статья,адыгейский,"морфосинтаксис, грамматическая семантика",https://publications.hse.ru/pubs/share/direct/412064754.pdf,https://doi.org/10.31862/2500-2953-2021-1-56-75,10.31862/2500-2953-2021-1-56-75,,Кумараге,,,,,
14,"Lander, Yury",lander-y,2021,Morphology in Northwest Caucasian languages," The Oxford Encyclopedia of Morphology. / Ed. by R. Lieber. Oxford: Oxford University Press, 2021.",2089–2108,Глава книги,,морфосинтаксис,to_find,https://doi.org/10.1093/acref/9780190682361.001.0001,10.1093/acref/9780190682361.001.0001,9.78019E+12,Кумараге,,,,,
15,"Lander, Yury",lander-y,2020,Morphology in Northwest Caucasian languages,"Oxford Research Encyclopedia of Linguistics (Living Edition). / Ed. by M. Aronoff. Oxford: Oxford University Press, 2020.",,Глава книги,,морфосинтаксис,to_find,https://doi.org/10.1093/acrefore/9780199384655.013.630,10.1093/acrefore/9780199384655.013.630,,Кумараге,,,,,
16,"Lander, Yury and Arkadiev, Peter","lander-y, arkadiev-p",2020,The Northwest Caucasian languages,"The Oxford Handbook of Languages of the Caucasus. / Ed. by M. Polinsky. Oxford: Oxford University Press, 2020.",369–446,Глава книги,"кабардинский, адыгейский, убыхский, абхазский, абазинский","грамматическая семантика, морфосинтаксис, семантика, фонетика/фонология, экстралингвистичекие",to_find,https://doi.org/10.1093/oxfordhb/9780190690694.013.3,10.1093/oxfordhb/9780190690694.013.3,,Кумараге,,,,,
17,"Ландер, Юрий Александрович and Багирокова, Ирина Гаруновна and Архангельский, Тимофей Александрович","lander-y, bagirokova-i, arkhangelsky-t",2019,Некоторые особенности адыгейского электронного корпуса,"Кавказская филология: история и перспективы. К 90-летию Мухадина Абубекировича Кумахова: сборник научных статей. / Науч. ред.: Б. Ч. Бижоев. Нальчик: ИГИ КБНЦ РАН, 2019.",198–206,Глава книги,адыгейский,корпусная лингвистика,https://publications.hse.ru/pubs/share/direct/298417354.PDF,https://publications.hse.ru/chapters/298417358,to_find,978-5-91766-157-5,Кумараге,,,,,
18,"Ландер, Юрий Александрович and Багирокова, Ирина Гаруновна","lander-y, bagirokova-i",2018,Выражение боли и смежных значений в адыгейском языке: лексика и морфосинтаксис,"Выражение боли и смежных значений в адыгейском языке: лексика и морфосинтаксис // В кн. : Труды Института востоковедения РАН. / Отв. ред.: З. М. Шаляпина. Сост.: А. С. Панина. Вып. 19: Проблемы общей и востоковедной лингвистики: Лексикология и лексикография М.: Институт востоковедения РАН, 2018.",394–411,Глава книги,адыгейский,"лексика, морфосинтаксис, семантика",https://publications.hse.ru/pubs/share/direct/229387806.pdf,https://publications.hse.ru/chapters/229388009,to_find,,Кумараге,,,,,
19,"Ландер, Юрий Александрович and Багирокова, Ирина Гаруновна","lander-y, bagirokova-i",2018,Лексические и грамматические характеристики специализированных глаголов поиска и нахождения в адыгейском языке,"Лексические и грамматические характеристики специализированных глаголов поиска и нахождения в адыгейском языке // В кн. : ЕВРика! Сборник статей о поисках и находках к юбилею Е.В. Рахилиной. / Под общ. ред.: Д. А. Рыжова, Н. Р. Добрушина, А. А. Бонч-Осмоловская, А. С. Выренкова, М. В. Кюсева, Б. В. Орехов, Т. И. Резникова. М.: Лабиринт, 2018.",79–99,Глава книги,адыгейский,"лексика, морфосинтаксис",https://publications.hse.ru/pubs/share/direct/216256516.pdf,https://publications.hse.ru/chapters/216256540,to_find,,Кумараге,,,,,
20,"Lander, Yury and Testelets, Yakov","lander-y, testelets-y",2017,Adyghe,"The Oxford Handbook of Polysynthesis. / Ed. by M. Fortescue, N. Evans, M. Mithun. Oxford: Oxford University Press, 2017.",948–970,Глава книги,адыгейский,морфосинтаксис,to_find,https://doi.org/10.1093/oxfordhb/9780199683208.001.0001,10.1093/oxfordhb/9780199683208.001.0001,9.7802E+12,Кумараге,,,,,
21,"Lander, Yury and Bagirokova, Irina","lander-y, bagirokova-i",2017,Demorphologization of the nominal complex in Circassian,"Demorphologization of the nominal complex in Circassian // В кн. : Historical Linguistics of the Caucasus: Book of abstracts. Paris, 12-14 April, 2017 / Историческое изучение языков Кавказа. Тезисы докладов Международной научной конференции. Париж, 12-14 апреля 2017 г. / Сост.: Т. А. Майсак. Махачкала: ИЯЛИ ДНЦ РАН, 2017. ",24–25,Тезисы,адыгейский,морфосинтаксис,to_find,https://publications.hse.ru/chapters/210427998,to_find,,Кумараге,,,,,
22,"Lander, Yury",lander-y,2017,Nominal complex in West Circassian: between morphology and syntax,Nominal complex in West Circassian: between morphology and syntax // Studies in Language. 2017. Vol. 41. No. 1.,76–97,Статья,адыгейский,"грамматическая семантика, морфосинтаксис",to_find,https://doi.org/10.1075/sl.41.1.03lan,10.1075/sl.41.1.03lan,,Кумараге,,,,,
23,"Ландер, Юрий Александрович and Архангельский, Тимофей Александрович","lander-y, arkhangelsky-t",2017,Адыгейский корпус и орфографическое слово,"Адыгейский корпус и орфографическое слово // В кн. : Актуальные проблемы изучения кавказских языков. Материалы международной научно-практической конференции. / Отв. ред.: Д. С. Самедов. Махачкала: Издательство ДГУ, 2017.",99–104,Глава книги,адыгейский,"корпусная лингвистика, морфосинтаксис",https://publications.hse.ru/pubs/share/direct/210437990.pdf,https://publications.hse.ru/chapters/210438005,to_find,,Кумараге,,,,,
24,"Ландер, Юрий Александрович and Мороз, Георгий Алексеевич and Багирокова, Ирина Гаруновна","lander-y, moroz-g, bagirokova-i",2017,О выражении множественных непрямых объектов в адыгейском глаголе,"О выражении множественных непрямых объектов в адыгейском глаголе // В кн. : Становление и развитие младописьменных языков. К 120-летию со дня рождения выдающегося языковеда, основоположника адыгейского языкознания Д.А. Ашхамафа: материалы Международной научной конференции (Майкоп, 21-23 июня 2017 г.). / Сост.: С. Х. Анчек, С. Т. Атажахова. Майкоп: [б.и.], 2017.",23–27,Глава книги,адыгейский,морфосинтаксис,https://publications.hse.ru/pubs/share/direct/213560803.pdf,https://publications.hse.ru/view/213554712,to_find,,Кумараге,,,,,
25,"Lander, Yury",lander-y,2016,Adyghe,"Word Formation. An International Handbook of the Languages of Europe. / Ed. by P. Müller, I. Ohnheiser, S. Olsen, F. Rainer. Vol. 5 Berlin, NY: De Gruyter Mouton, 2016. Ch. 193.",3508–3527,Глава книги,адыгейский,морфосинтаксис,https://publications.hse.ru/pubs/share/folder/u97q3fhv2u/97564375.pdf,https://doi.org/10.1515/9783110424942-025,10.1515/9783110424942-025,,Кумараге,,,,,
26,"Lander, Yury",lander-y,2016,Kabardian universal concessive conditionals,Kabardian universal concessive conditionals // RHEMA. 2016. No. 2.,44–66,Статья,кабардинский,морфосинтаксис,https://publications.hse.ru/pubs/share/folder/s51guvfv30/198250270.pdf,https://publications.hse.ru/articles/187608758,to_find,,Кумараге,,,,,
27,"Ландер, Юрий Александрович and Багирокова, Ирина Гаруновна","lander-y, bagirokova-i",2016,Адыгский аналитический аддитив: порядок слов и диахрония,Адыгский аналитический аддитив: порядок слов и диахрония // Томский журнал лингвистических и антропологических исследований. 2016. № 2 (12).,9–19,Статья,адыгейский,морфосинтаксис,https://ling.tspu.ru/files/ling/PDF/articles/bagirokova_i._g._9_19_2_12_2016.pdf,https://publications.hse.ru/articles/186821460,to_find,,Кумараге,,,,,
28,"Lander, Yury and Arkhangelsky, Timofey","lander-y, arkhangelsky-t",2015,Producing polysynthetic verb forms in West Circassian (Adyghe): an experimental study,"Producing polysynthetic verb forms in West Circassian (Adyghe): an experimental study / NRU HSE. Series WP BRP ""Linguistics"". 2015. No. 23/LNG/2015.",,Препринт,адыгейский,морфосинтаксис,https://publications.hse.ru/pubs/share/folder/dxvsa24768/148093457.pdf,https://doi.org/10.2139/ssrn.2668079,10.2139/ssrn.2668079,,Кумараге,,,,,
29,"Lander, Yury and Arkhangelsky, Timofey","lander-y, arkhangelsky-t",2015,Some challenges of the West Circassian polysynthetic corpus,"Some challenges of the West Circassian polysynthetic corpus / NRU HSE. Series WP BRP ""Linguistics"". 2015. No. 37/LNG/2015.",,Препринт,адыгейский,"корпусная лингвистика, морфосинтаксис",https://publications.hse.ru/pubs/share/folder/md1z4x96la/168466234.pdf,https://doi.org/10.2139/ssrn.2709027,10.2139/ssrn.2709027,,Кумараге,,,,,
30,"Lander, Yury and Bagirokova, Irina","lander-y, bagirokova-i",2015,Two-faced subordination marker in West Circassian necessity constructions,"Two-faced subordination marker in West Circassian necessity constructions / NRU HSE. Series WP BRP ""Linguistics"". 2015. No. 38/LNG/2015.",,Препринт,адыгейский,морфосинтаксис,https://publications.hse.ru/pubs/share/folder/719tmg3xdt/168465962.pdf,https://doi.org/10.2139/ssrn.2709028,10.2139/ssrn.2709028,,Кумараге,,,,,
31,"Ландер, Юрий Александрович",lander-y,2015,Актанты и сирконстанты в морфологии и в синтаксисе адыгейского языка,Актанты и сирконстанты в морфологии и в синтаксисе адыгейского языка // Вестник РГГУ. Серия: История. Филология. Культурология. Востоковедение. 2015. № 1.,7–31,Статья,адыгейский,"морфосинтаксис, семантика",https://publications.hse.ru/pubs/share/folder/lg6lrl9eki/148243477.pdf,https://publications.hse.ru/articles/146428869,to_find,,Кумараге,,,,,
32,"Ландер, Юрий Александрович and Багирокова, Ирина Гаруновна","lander-y, bagirokova-i",2015,Именная инкорпорация в адыгейском языке,"IV Международный симпозиум лингвистов-кавказоведов. Вопросы структуры основы и корня иберийско-кавказских языков. / Отв. ред.: В. Шенгелиа. Тб.: [б.и.], 2015.",104–106,Тезисы,адыгейский,морфосинтаксис,https://publications.hse.ru/pubs/share/folder/6cq2pflf69/167390808.pdf,https://publications.hse.ru/chapters/167390819,to_find,,Кумараге,,,,,
33,"Ландер, Юрий Александрович and Мороз, Георгий Алексеевич and Аркадьев, Петр Михайлович","lander-y, moroz-g, arkadiev-p",2015,Об исследовании бжедугского диалекта адыгейского языка,"Об исследовании бжедугского диалекта адыгейского языка // В кн. : Полевые исследования студентов РГГУ: Этнология, фольклористика, лингвистика. Вып. X. / Отв. ред.: Е. И. Пивовар. Под общ. ред.: П. М. Аркадьев, О. А. Казакевич, В. Л. Кляус, Н. А. Козлова, Ю. А. Ландер, Е. В. Левкиевская, А. Б. Мороз, Ю. В. Филиппов. М.: РГГУ, 2015. С.",183–201,Глава книги,адыгейский,"компьютерная лингвистика, экстралингивистическое",https://publications.hse.ru/pubs/share/folder/vssyzirler/180975465.pdf,https://publications.hse.ru/chapters/180974021,to_find,,Кумараге,,,,,
34,"Ландер, Юрий Александрович and Багирокова, Ирина Гаруновна and Мороз, Георгий Алексеевич","lander-y, bagirokova-i, moroz-g",2015,Понятие основы и морфологический анализ адыгейской словоформы,"IV Международный симпозиум лингвистов-кавказоведов. Вопросы структуры основы и корня иберийско-кавказских языков. / Отв. ред.: В. Шенгелиа. Тб.: [б.и.], 2015.",107–110,Тезисы,адыгейский,морфосинтаксис,https://publications.hse.ru/pubs/share/folder/t5ow5u6t0e/167391504.pdf,https://publications.hse.ru/view/167391516,to_find,,Кумараге,,,,,
35,"Lander, Yury and Arkadiev, Peter","lander-y, arkadiev-p",2013,Non-quantificational distributive quantifiers in Besleney Kabardian,Snippets. 2013. No. 27.,5–7,Статья,кабардинский,грамматическая семантика,https://publications.hse.ru/pubs/share/folder/wnzi1a8yt4/114132611.pdf,https://doi.org/10.7358/snip-2013-027-arka,10.7358/snip-2013-027-arka,,Кумараге,,,,,
36,"Lander, Yury and Bylinina, Lisa","lander-y, bylinina-l",2013,‘Than’ = ‘More’ + Exhaustivity: Evidence from Circassian,"Proceedings of the 19th Amsterdam Colloquium. / Ed. by M. Alone, M. Franke, F. Roelofsen. Amsterdam: [б.и.], 2013.",75–82,Глава книги,адыгейский,"грамматическая семантика, семантика",https://publications.hse.ru/pubs/share/folder/x62hgh3w8l/106224297.pdf,https://publications.hse.ru/chapters/106224483,to_find,,Кумараге,,,,,
37,"Ландер, Юрий Александрович and Аркадьев, Петр Михайлович","lander-y, arkadiev-p",2013,Некоторые сведения о морфологии бесленеевского диалекта кабардино-черкесского языка (уляпский говор),"Полевые исследования студентов РГГУ: Этнология, фольклористика, лингвистика, религиоведение. / Отв. ред.: Е. И. Пивовар. Под общ. ред.: П. М. Аркадьев, Л. Г. Жукова, О. А. Казакевич, В. Л. Кляус, Н. А. Козлова, Ю. А. Ландер, Н. В. Петров, С. С. Скорвид, Ю. В. Филиппов. Вып. VIII М.: РГГУ, 2013.",194–210,Глава книги,кабардинский,морфосинтаксис,https://publications.hse.ru/pubs/share/folder/e4tqr9an24/114507478.pdf,https://publications.hse.ru/chapters/114507541,to_find,,Кумараге,,,,,
38,"Ландер, Юрий Александрович and Аркадьев, Петр Михайлович","lander-y, arkadiev-p",2012,Бесленеевский диалект кабардино-черкесского языка и перспективы исследования уляпского говора,"Полевые исследования студентов РГГУ: Этнология, фольклористика, лингвистика, религиоведение. Вып. VII. / Науч. ред.: Д. П. Бак, В. В. Минаев. Под общ. ред.: Л. Г. Жукова, О. А. Казакевич, В. Л. Кляус, Н. А. Козлова, Ю. А. Ландер, А. Б. Мороз, Ю. В. Филиппов. М.: РГГУ, 2012.",176–192,Глава книги,кабардинский,"морфосинтаксис, фонетика/фонология, экстралингвистическое",https://publications.hse.ru/pubs/share/folder/ci3irk5kvm/117938791.pdf,https://publications.hse.ru/chapters/74693646,to_find,,Кумараге,,,,,
39,"Lander, Yury and Daniel, Michael","lander-y, daniel-m",2011,The Caucasian languages,"The Languages and Linguistics of Europe. A Comprehensive Guide. / Ed. by B. Kortmann, J. v. Auwera. Vol. 1 Berlin, Boston: De Gruyter Mouton, 2011.",125–157,Глава книги,"кабардинский, адыгейский, убыхский, абхазский, абазинский","лексика, морфосинтаксис, семантика, фонетика/фонология, экстралингвистическое",https://vk.com/doc278943367_481150693?hash=zNiHZ6PpRDCycMGioOezPdwJqM0qheaAkJulOQoomWT&dl=kdcb0U2gWOco0NLNzYQWNt7f0gu9vNd35mHZ3nmDTpk&api=1&no_preview=1,https://doi.org/10.1515/9783110220261,10.1515/9783110220261,978-3-11-022025-4,Кумараге,,,,,
40,"Ландер, Юрий Александрович and Аркадьев, Петр Михайлович","lander-y, arkadiev-p",2011,Адыгейская лингвистическая экспедиция 2010 г.: итоги и выводы,"Полевые исследования студентов РГГУ: Этнология, фольклористика, лингвистика, религиоведение. Вып. VI. / Отв. ред.: Д. П. Бак, В. В. Минаев. М.: РГГУ, 2011.",179–194,Глава книги,адыгейский,"морфосинтаксис, экстралингвистическое",https://publications.hse.ru/pubs/share/folder/jre2cyc54u/117939345.pdf,https://publications.hse.ru/chapters/73373935,to_find,,Кумараге,,,,,
41,"Ландер, Юрий Александрович and Меретукова, Зара Байзетовна","lander-y, meretukova-z",2011,"Семантическая сопряженность и атрибутивные конструкции (андийские языки, адыгейский язык)","Андийские языки среди языков народов Дагестана. Материалы научно-практической конференции языковедов (6-8 июня 2011 года). / Отв. ред.: П. А. Магомедова. Махачкала: Дагестанский государственный университет, 2011.",47–52,Глава книги,адыгейский,"морфосинтаксис, семантика",https://publications.hse.ru/pubs/share/folder/qbl6g42tn4/98557184.pdf,https://publications.hse.ru/chapters/98557207,to_find,,Кумараге,,,,,
42,"Ландер, Юрий Александрович",lander-y,2011,Синтаксические острова и относительные конструкции в северокавказских языках: предварительные наблюдения,"Когнитивная парадигма языкового сознания в современной лингвистике: Материалы Международной научной конференции 13-14 октября 2011 года. Майкоп: Издательство Адыгейского государственного университета, 2011.",101–106,Глава книги,адыгейский,морфосинтаксис,https://publications.hse.ru/pubs/share/folder/j3x4858l6k/98555808.pdf,https://publications.hse.ru/chapters/98555816,to_find,,Кумараге,,,,,
43,"Lander, Yury and Korotkova, Natalia","lander-y, korotkova-n",2010,Deriving affix ordering in polysynthesis: Evidence from Adyghe,Morphology. 2010. Vol. 20. No. 2.,299–319,Статья,адыгейский,морфосинтаксис,https://publications.hse.ru/pubs/share/folder/tnfueegnjj/122478041.pdf,https://doi.org/10.1007/s11525-010-9185-y,10.1007/s11525-010-9185-y,,Кумараге,,,,,
44,"Lander, Yury and Letuchiy, Alexander","lander-y, letuchiy-a",2010,Kinds of recursion in Adyghe morphology,"Recursion and human language. / Ed. by H. van der Hulst. Berlin, NY: De Gruyter Mouton, 2010. Ch. Part IV, 14.",263–284,Глава книги,адыгейский,"морфосинтаксис, семантика",https://publications.hse.ru/pubs/share/folder/se9bzgrf2f/66777356.pdf,https://doi.org/10.1515/9783110219258.263,10.1515/9783110219258.263,978-3-11-021924-1,Кумараге,,,,,
45,"Lander, Yury",lander-y,2010,Relativization in Shapsug Adyghe,Rice Working Papers in Linguistics. 2010. No. 2.,,Препринт,адыгейский,морфосинтаксис,https://publications.hse.ru/pubs/share/folder/zsa676dq3x/73217625.pdf,https://publications.hse.ru/view/73217633,to_find,,Кумараге,,,,,
46,"Герасимов, Дмитрий Валентинович and Ландер, Юрий Александрович","gerasimov-d, lander-y",2008,Релятивизация под маской номинализации и фактивный аргумент в адыгейском языке,"В. А. Плунгян, С. Г. Татевосов (ред.). Исследования по глагольной деривации. М.: Языки славянской культуры, 2008",290–313,Глава книги,адыгейский,морфосинтаксис,https://publications.hse.ru/pubs/share/folder/g202cwvqun/117938346.pdf,https://publications.hse.ru/chapters/95374364,to_find,,Кумараге,,,,,
47,"Ландер, Юрий Александрович and Сумбатова, Нина Романовна","lander-y, sumbatova-n",2007,Адыгейские отрицания,"Кавказский лингвистический сборник. Вып. 18 М.: Academia, 2007.",77–103,Глава книги,адыгейский,"морфосинтаксис, семантика",https://publications.hse.ru/pubs/share/folder/50q4r5tmeq/121889655.pdf,https://publications.hse.ru/chapters/121889659,to_find,,Кумараге,,,,,
48,"Сомин, Антон Александрович",somin-a,2016,"Долго ли, коротко ли: выражение длительности с помощью редупликации в бесленеевском диалекте кабардино-черкесского языка","ACTA LINGUISTICA PETROPOLITANA. Труды Института лингвистических исследований РАН / Отв. ред. Н. Н. Казанский. Т. XII. Ч. 1 Исследования по типологии и грамматике / Отв. ред. тома Д. В. Герасимов. СПб.: Наука, 2016",208–222,Статья,кабардинский,"морфосинтаксис, семантика",https://publications.hse.ru/pubs/share/folder/tutxmf5dq4/204052502.pdf,https://publications.hse.ru/view/194203045,to_find,,Ирина Кочеткова,,,,,
49,"Сомин, Антон Александрович",somin-a,2012,О двух случаях глагольной редупликации в бесленеевском диалекте кабардино-черкесского языка,"Полевые исследования студентов РГГУ: Этнология, фольклористика, лингвистика, религиоведение. Вып. VII. М.: РГГУ, 2012",227–244,Глава книги,кабардинский,морфосинтаксис,https://cyberleninka.ru/article/n/dolgo-li-korotko-li-vyrazhenie-dlitelnosti-s-pomoschyu-reduplikatsii-v-besleneevskom-dialekte-kabardino-cherkesskogo-yazyka/pdf,https://www.elibrary.ru/item.asp?edn=rneujv,to_find,,Ирина Кочеткова,,,,,
50,"Сомин, Антон Александрович",somin-a,2011,Вместо того чтобы слушать мой доклад: о субститутивных придаточных в адыгейском языке,"Полевые исследования студентов РГГУ: Этнология, фольклористика, лингвистика, религиоведение. Вып. VI. М.: РГГУ, 2011",245–256,Глава книги,адыгейский,морфосинтаксис,https://www.academia.edu/49626923/Вместо_того_чтобы_слушать_мой_доклад_о_субститутивных_придаточных_в_адыгейском_языке,https://www.elibrary.ru/item.asp?edn=rneupp,to_find,978-5-7281-1840-4,Ирина Кочеткова,,,,,
51,"Сомин, Антон Александрович",somin-a,2011,Система прошедших времён в бесленеевском диалекте кабардино-черкесского языка,"ACTA LINGUISTICA PETROPOLITANA. Труды Института лингвистических исследований РАН. Отв. ред. Н.Н. Казинский. Т. VII, Ч.3. Отв. ред. Д. В. Герасимов СПб.: Изд-во ""Наука"", 2011",438–443,Статья,кабардинский,морфосинтаксис,https://www.academia.edu/49504011/Система_прошедших_времён_в_бесленеевском_диалекте_кабардино_черкесского_языка,https://www.academia.edu/49504011/Система_прошедших_времён_в_бесленеевском_диалекте_кабардино_черкесского_языка,to_find,,Ирина Кочеткова,,,,,
52,"Сомин, Антон Александрович",somin-a,2017,Адыгейский язык,Проект «Язык дня» на научном портале Арзамас. 16–23.03.2017.,-,Веб-страница,адыгейский,"морфосинтаксис, фонетика/фонология, экстралингвистическое",https://arzamas.academy/micro/language/9,https://arzamas.academy/micro/language/9,to_find,,Ирина Кочеткова,,,,,
53,"Аркадьев, Петр Михайлович and Герасимов, Дмитрий Валентинович","arkadiev-p, gerasimov-d",2012,О конструкции холистической квантификации в адыгейском языке,"Вестник Томского государственного педагогического университета, №1 (116), 2012",22–29,Статья,адыгейский,"морфосинтаксис, семантика",https://www.elibrary.ru/download/elibrary_17687153_93932473.pdf,https://www.scinapse.io/papers/124887016,to_find,,Ирина Кочеткова,,,,,
54,"Аркадьев, Петр Михайлович and Герасимов, Дмитрий Валентинович","arkadiev-p, gerasimov-d",2019,От релятивизации к аспекту: конструкции с префиксом zere- в адыгских языках,"Д. В. Герасимов, С. Ю. Дмитренко, Н. М. Заика (ред.). Сборник статей к 85-летию В. С. Храковского. М: Языки славянских культур, 2019",11–42,Глава книги,"кабардинский, адыгейский","грамматическая семантика, морфосинтаксис",https://inslav.ru/sites/default/files/arkadievgerasimov2019_zerefestvsx.pdf,https://inslav.ru/sites/default/files/arkadievgerasimov2019_zerefestvsx.pdf,to_find,,Ирина Кочеткова,,,,,
55,"Аркадьев, Петр Михайлович and Герасимов, Дмитрий Валентинович","arkadiev-p, gerasimov-d",2008,Аспектуально-таксисные формы с префиксом -zere в адыгейском языке: парадоксы референции и уроки для аспектуальной композиции,"Acta Linguistica Petropolitana. Труды Института лингвистических исследований РАН, Т. IV, № 2, 2008",12–20,Статья,адыгейский,"грамматическая семантика, морфосинтаксис",https://cyberleninka.ru/article/n/aspektualno-taksisnye-formy-s-prefiksom-zere-v-adygeyskom-yazyke/pdf,https://cyberleninka.ru/article/n/aspektualno-taksisnye-formy-s-prefiksom-zere-v-adygeyskom-yazyke,to_find,,Ирина Кочеткова,,,,,
56,"Bagirokova, Irina and Arkadiev, Peter","bagirokova-i, arkadiev-p",2023,Bivalent patterns in Adyghe,"Sergey Say (ed.), BivalTyp: Typological database of bivalent verbs and their encoding frames. (Data first published on July 25, 2023; last revised on November 19, 2023.)",,Статья из энциклопедии,адыгейский,морфосинтаксис,https://bivaltyp.info/languages/descriptions/Adyghe_West_Circassian.html,https://bivaltyp.info/languages/descriptions/Adyghe_West_Circassian.html,to_find,,Ирина Кочеткова,,,,,
57,"Korotkova, Natalia",korotkova-n,2006,Circassian double past and its counterparts in other West Caucasian languages,"International Workshop on Morphosyntax of Caucasian Languages, INALCO, Paris, France.",,Доклад,"кабардинский, адыгейский","грамматическая семантика, морфосинтаксис",http://caucasus.free.fr/circassian_double_past.pdf,http://caucasus.free.fr/circassian_double_past.pdf,to_find,,Ирина Кочеткова,,,,,
58,"Короткова, Наталья Александровна",korotkova-n,2009,"Прошлое и ""Сверхпрошлое"" в адыгейском языке","Аспекты полисинтетизма: очерки по грамматике адыгейского язык / Ред. Я. Г. Тестелец, М: РГГУ, 2009",262–286,Глава книги,адыгейский,морфосинтаксис,to_find,https://scholar.google.com/citations?view_op=view_citation&hl=en&user=rIKVwkoAAAAJ&citation_for_view=rIKVwkoAAAAJ:Y0pCki6q_DkC,to_find,,Ирина Кочеткова,,,,,
59,"Ershova, Ksenia",ershova-k,2024,Phasehood as defective intervention: Possessor extraction and selective DP islandhood in West Circassian,"Syntax, 2024",(Early View),Статья,адыгейский,"морфосинтаксис, семантика",https://ling.auf.net/lingbuzz/005469,http://doi.org/10.1111/synt.12275,10.1111/synt.12275,,Ирина Кочеткова,,,,,
60,"Ershova, Ksenia",ershova-k,2023,Syntactic ergativity and the theory of subjecthood: Evidence from anaphor binding in West Circassian.,"Language  99(2), 2023",193-241,Статья,адыгейский,морфосинтаксис,https://knowledge.uchicago.edu/record/1848/files/Ershova_uchicago_0330D_14785.pdf,http://doi.org/10.1353/lan.2023.a900086,10.1353/lan.2023.a900086,,Ирина Кочеткова,,,,,
61,"Ershova, Ksenia",ershova-k,2021,Diagnosing clause structure in a polysynthetic language: Wh-agreement and parasitic gaps in West Circassian,"Linguistic Inquiry 52(1), 2021",1-38,Статья,адыгейский,морфосинтаксис,to_find,http://doi.org/10.1162/ling_a_00371,10.1162/ling_a_00371,,Ирина Кочеткова,,,,,
62,"Ershova, Ksenia",ershova-k,2013,Reported speech and reportative grammaticalization in Besleney Kabardian.,"Surányi, Balász (ed). Proceedings of the Second Central European Conference in Linguistics for Postgraduate Students. Budapest: Pázmány Péter Catholic University",71-87,Глава книги,кабардинский,морфосинтаксис,http://cecils.btk.ppke.hu/wp-content/uploads/2013/02/Ershova_Reported-speech-and-reportative_REVISED_v5_fin_corr.pdf,https://www.academia.edu/5091827/Reported_Speech_and_Reportative_Grammaticalization_in_Besleney_Kabardian,to_find,,Ирина Кочеткова,,,,,
63,"Ershova, Ksenia",ershova-k,2022,Configurationality in Polysynthesis: Weak Crossover in West Circassian,"Aitha, Akshay, Steven Castro, and Brianna Wilson (eds.) Proceedings of the Chicago Linguistic Society (2020)",79-94,Глава книги,адыгейский,морфосинтаксис,https://kershova.github.io/Ershova_CLS57_proceedings.pdf,https://kershova.github.io/Ershova_CLS57_proceedings.pdf,to_find,,Ирина Кочеткова,,,,,
64,"Ershova, Ksenia",ershova-k,2018,High absolutive in West Circassian: Evidence from parasitic gaps,"Hucklebridge, Sherry and Max Nelson (eds.) Proceedings of the Northeast Linguistic Society, vol.1.",,Глава книги,адыгейский,морфосинтаксис,to_find,https://scholar.google.ru/citations?view_op=view_citation&hl=en&user=k3bRgicAAAAJ&sortby=pubdate&citation_for_view=k3bRgicAAAAJ:Tyk-4Ss8FVUC,to_find,,Ирина Кочеткова,,,,,
65,"Ershova, Ksenia",ershova-k,2018,West Circassian Polysynthesis at the Morphology-Syntax Interface,"Farrell, Patrick (ed.) Proceedings of the Linguistic Society of America, vol.3, 39",1-15,Статья,адыгейский,морфосинтаксис,https://www.academia.edu/36074278/West_Circassian_polysynthesis_at_the_morphology_syntax_interface,http://doi.org/10.3765/plsa.v3i1.43288,10.3765/plsa.v3i1.4328,,Ирина Кочеткова,,,,,
66,"Ershova, Ksenia",ershova-k,2017,Unaccusativity and the syntax of imperatives in East Circassian,"Farrell, Patrick (ed.) Proceedings of the Linguistic Society of America, vol.2, 36",1-14,Статья,кабардинский,морфосинтаксис,https://www.academia.edu/36074270/Unaccusativity_and_the_syntax_of_imperatives_in_East_Circassian,http://doi.org/10.3765/PLSA.V2I0.4091,10.3765/PLSA.V2I0.4091,,Ирина Кочеткова,,,,,
67,"Ершова, Ксения Алексеевна",ershova-k,2016,Пути грамматикализации глагола ž’əʔe-‘говорить’ в бесленеевском диалекте кабардино-черкесского языка,"ACTA LINGUISTICA PETROPOLITANA. Труды Института лингвистических исследований РАН. Отв. ред. Н.Н. Казинский. Т. VII, Ч.1. Отв. ред. Д. В. Герасимов СПб.: Изд-во ""Наука"", 2016",82-88,Статья,кабардинский,"морфосинтаксис, семантика",https://cyberleninka.ru/article/n/puti-grammatikalizatsii-glagola-e-govorit-v-besleneevskom-dialekte-kabardino-cherkesskogo-yazyka,https://cyberleninka.ru/article/n/puti-grammatikalizatsii-glagola-e-govorit-v-besleneevskom-dialekte-kabardino-cherkesskogo-yazyka,to_find,,Ирина Кочеткова,,,,,
68,"Ershova, Ksenia",ershova-k,2015,Non-canonical noun incorporation in Bzhedug Adyghe,"A.E. Jurgensen, H. Sande, S. Lamoureaux, K. Baclawski, and A. Zerbe (eds.) Proceedings of the 41st Annual Meeting of the Berkeley Linguistic Society, BLS",99-119,Статья,адыгейский,морфосинтаксис,https://www.researchgate.net/publication/308702809_Non-canonical_Noun_Incorporation_in_Bzhedug_Adyghe,http://doi.org/10.20354/B4414110015,10.20354/B4414110015,,Ирина Кочеткова,,,,,
69,"Ершова, Ксения Алексеевна",ershova-k,2013,Именные и глагольные свойства бесленеевского масдара,"Полевые исследования студентов РГГУ: Этнология, фольклористика, лингвистика, религиоведение. Вып. VIII. М.: РГГУ, 2012",245-265,Статья,кабардинский,"грамматическая семантика, морфосинтаксис",to_find,to_find,to_find,,Ирина Кочеткова,,,,,
70,"Ershova, Ksenia",ershova-k,2012,Complementation in the Besleney dialect of the Kabardian language,"XII Students’ International Scientific Conference, Narva, Estonia, May 3-5.",,Доклад,кабардинский,морфосинтаксис,to_find,to_find,to_find,,Ирина Кочеткова,,,,,
71,"Ершова, Ксения Алексеевна",ershova-k,2012,Чужая речь в бесленеевском диалекте кабардино-черкесского языка,"Первая конференция-школа «Проблемы языка: взгляд молодых ученых», Москва, Сентябрь 20-22.",,Доклад,кабардинский,"морфосинтаксис, семантика",to_find,to_find,to_find,,Ирина Кочеткова,,,,,
72,"Ершова, Ксения Алексеевна",ershova-k,2012,Групповое оформление в адыгейском языке,"Типология морфосинтаксических параметров 2012, Москва, Ноябрь 14-16 ",,Доклад,адыгейский,морфосинтаксис,to_find,to_find,to_find,,Ирина Кочеткова,,,,,
73,"Чернышёв, Александр Олегович and Ершова, Ксения Алексеевна","chernyshev-a, ershova-k",2014,Морфологическая рекурсия в адыгейских номинализациях,"2-я конференция по общему, скандинавскому и славянскому языкознанию GeNSLing 2014, Москва, Октябрь 15-17",,Доклад,адыгейский,морфосинтаксис,to_find,to_find,to_find,,Ирина Кочеткова,,,,,
74,"Ершова, Ксения Алексеевна",ershova-k,2011,Бесленеевский масдар как смешанная категория,"ACTA LINGUISTICA PETROPOLITANA. Труды Института лингвистических исследований РАН. Отв. ред. Н.Н. Казинский. Т. VII, Ч.3. Отв. ред. Д. В. Герасимов СПб.: Изд-во ""Наука"", 2011",289-295,Статья,кабардинский,морфосинтаксис,https://cyberleninka.ru/article/n/besleneevskiy-masdar-kak-smeshannaya-kategoriya,https://cyberleninka.ru/article/n/besleneevskiy-masdar-kak-smeshannaya-kategoriya,to_find,,Ирина Кочеткова,,,,,
75,"Ershova, Ksenia",ershova-k,2015,Determining the position of v in Adyghe: Evidence from nominalizations.,"6 th Annual Workshop on Nominalizations, Verona, June 30-July 1",,Доклад,адыгейский,морфосинтаксис,to_find,to_find,to_find,,Ирина Кочеткова,,,,,
76,"Ershova, Ksenia",ershova-k,2016,Dimensions of (non)configurationality: Argument structure in Adyghe,"Annual Meeting of the Linguistic Society of America, Washington DC, 7-10 January",,Доклад,адыгейский,морфосинтаксис,to_find,to_find,to_find,,Ирина Кочеткова,,,,,
77,"Ershova, Ksenia",ershova-k,2018,Anaphor binding and syntactic ergativity in West Circassian,"West Coast Conference on Formal Linguistics 36, UCLA, 20-22 April",,Доклад,адыгейский,морфосинтаксис,to_find,https://scholar.google.com/citations?view_op=view_citation&hl=en&user=k3bRgicAAAAJ&citation_for_view=k3bRgicAAAAJ:eQOLeE2rZwMC,to_find,,Ирина Кочеткова,,,,,
78,"Ershova, Ksenia",ershova-k,2018,West Circassian polysynthesis at the morphology-syntax interface,"Annual Meeting of the Linguistic Society of America, Salt Lake City UT, 4-7 January.",,Доклад,адыгейский,морфосинтаксис,https://journals.linguisticsociety.org/proceedings/index.php/PLSA/article/view/4328/3952,http://doi.org/10.3765/plsa.v3i1.4328,10.3765/plsa.v3i1.4328,,Ирина Кочеткова,,,,,
79,"Ershova, Ksenia",ershova-k,2019,Reflexives in West Circassian: Ingredients of subject orientation,"The 42nd Conference of Generative Linguistics in the Old World, University of Oslo, Norway, 7-11 May.",,Доклад,адыгейский,"морфосинтаксис, семантика",to_find,to_find,to_find,,Ирина Кочеткова,,,,,
80,"Ershova, Ksenia",ershova-k,2021,Multiple feature inheritance makes polysynthesis. Evidence from West Circassian nominalizations.,"Annual Meeting of the Linguistics Society of America, online, 7-10 January",,Доклад,адыгейский,морфосинтаксис,https://kershova.github.io/Ershova_LSA2021_handout.pdf,https://kershova.github.io/Ershova_LSA2021_handout.pdf,to_find,,Ирина Кочеткова,,,,,
81,"Yuan, Michelle and Ershova, Ksenia","yuan-m, ershova-k",2020,Dependent case in syntactically ergative languages: Evidence from Inuit and West Circassian,"Annual Meeting of the Linguistic Society of America, New Orleans LA, 2-5 January",,Доклад,адыгейский,морфосинтаксис,to_find,to_find,to_find,,Ирина Кочеткова,,,,,
82,"Ershova, Ksenia",ershova-k,2023,Licensed to license: Deficient probes in West Circassian nominalizations,"The 46th Conference of Generative Linguistics in the Old World, University of Vienna, Austria, 12-14 April.",,Доклад,адыгейский,морфосинтаксис,https://kershova.github.io/Ershova_GLOW46_handout.pdf,https://kershova.github.io/Ershova_GLOW46_handout.pdf,to_find,,Ирина Кочеткова,,,,,
83,"Ershova, Ksenia",ershova-k,2019,Finding configurationality in polysynthesis: Wh-agreement as a diagnostic for clause structure in West Circassian,"The Syntax & Semantics Circle, UC Berkeley, 20 September 2019",,Доклад,адыгейский,морфосинтаксис,to_find,to_find,to_find,,Ирина Кочеткова,,,,,
84,"Ershova, Ksenia",ershova-k,2019,Subjecthood and syntactic ergativity: Evidence from anaphors in West Circassian,"SMircle, Stanford University, 4 October 2019.",,Доклад,адыгейский,морфосинтаксис,to_find,to_find,to_find,,Ирина Кочеткова,,,,,
85,"Ershova, Ksenia",ershova-k,2022,Unexpected A-movement in West Circassian: Theoretical implications for syntactic ergativity,"The Princeton Symposium on Syntactic Theory, Princeton University, 1-2 April",,Доклад,адыгейский,"морфосинтаксис, семантика",to_find,to_find,to_find,,Ирина Кочеткова,,,,,
86,"Ershova, Ksenia",ershova-k,2022,Contextually determined islandhood and constraints on possessor extraction in West Circassian," NYU Brown Bag series, NYU, 25 March 2022",,Доклад,адыгейский,морфосинтаксис,to_find,to_find,to_find,,Ирина Кочеткова,,,,,
87,"Ershova, Ksenia",ershova-k,2022,Unexpected ergativity: Wh-agreeing possessors in West Circassian,"Department talk presented at Harvard University, 11 February 2022",,Доклад,адыгейский,морфосинтаксис,to_find,to_find,to_find,,Ирина Кочеткова,,,,,
88,"Ershova, Ksenia",ershova-k,2021,What a polysynthetic language can tell us about wh-movement and Phase Theory: Possessor extraction in West Circassian,"S-Circle, UC Santa Cruz, 4 June 2021.",,Доклад,адыгейский,морфосинтаксис,to_find,to_find,to_find,,Ирина Кочеткова,,,,,
89,"Ershova, Ksenia",ershova-k,2023,"The interaction between movement, licensing, and spell-out: What c-commands what in West Circassian nominalizations. ","UMass Syntax Workshop, University of Massachusetts, Amherst, 3 March 2023.",,Доклад,адыгейский,морфосинтаксис,https://kershova.github.io/Ershova_UMass_2023.pdf,https://kershova.github.io/Ershova_UMass_2023.pdf,to_find,,Ирина Кочеткова,,,,,
90,"Ершова, Ксения Алексеевна",ershova-k,2011,Именные сочинительные конструкции и групповое оформление в адыгейском языке,"ACTA LINGUISTICA PETROPOLITANA. Труды Института лингвистических исследований РАН. Отв. ред. Н.Н. Казинский. Т. VII. Отв. ред. Д. В. Герасимов СПб.: Изд-во ""Наука"", 2011",195-207,Статья,адыгейский,морфосинтаксис,to_find,to_find,to_find,,Ирина Кочеткова,,,,,
91,"Ершова, Ксения Алексеевна",ershova-k,2010,Союзные формы глагола в адыгейском языке: сочинение или подчинение?,"ACTA LINGUISTICA PETROPOLITANA. Труды Института лингвистических исследований РАН. Отв. ред. Н.Н. Казинский. Т. VI, Ч.3. Отв. ред. Д. В. Герасимов СПб.: Изд-во ""Наука"", 2010",58-63,Статья,адыгейский,"грамматическая семантика, морфосинтаксис",https://cyberleninka.ru/article/n/soyuznye-formy-glagola-v-adygeyskom-yazyke-sochinenie-ili-podchinenie,https://cyberleninka.ru/article/n/soyuznye-formy-glagola-v-adygeyskom-yazyke-sochinenie-ili-podchinenie,to_find,,Ирина Кочеткова,,,,,
92,"Moroz, George",moroz-g,2014,On Palatalization Typology. Postalveolar Palatalization and its Avoidance: Circassian,Palatalization Conference (Тромсё),,Доклад,адыгейский,фонетика/фонология,https://www.hse.ru/data/2015/09/07/1090352664/Moroz_Palatalization%20-%20копия.pdf,https://www.hse.ru/data/2015/09/07/1090352664/Moroz_Palatalization%20-%20копия.pdf,to_find,,Ирина Кочеткова,,,,,
93,"Мороз, Георгий Алексеевич",moroz-g,2015,Расстояние между адыгскими идиомами: лексикостатистика и регулярные соответствия,Четвёртая конференция-школа «Проблемы языка: взгляд молодых ученых» (Москва),,Доклад,"кабардинский, адыгейский","лексика, семантика, компьютерная лингвистика",https://www.hse.ru/data/2015/09/27/1073929684/15.09.26%20Tree%20vs%20wave.pdf,https://www.hse.ru/data/2015/09/27/1073929684/15.09.26%20Tree%20vs%20wave.pdf,to_find,,Ирина Кочеткова,,,,,
94,"Мороз, Георгий Алексеевич",moroz-g,2011,Замечания о морфологии числительных в адыгейском языке,"Полевые исследования студентов РГГУ: Этнология, фольклористика, лингвистика, религиоведение. Вып. VI./ Отв. ред.: Д. П. Бак, В. В. Минаев. М.: РГГУ, 2011.",230–245,Глава книги,адыгейский,морфосинтаксис,https://publications.hse.ru/pubs/share/folder/fts20ihrs3/116315865.pdf,https://publications.hse.ru/view/103626962,to_find,,Ирина Кочеткова,,,,,
95,"Мороз, Георгий Алексеевич",moroz-g,2012,Ударение в уляпском говоре кабардинского языка,"Проблемы языка: Сборник научных статей по материалам Первой конференции-школы «Проблемы языка: взгляд молодых ученых» (20-22 сентября 2012 г.). / Под общ. ред.: Е. М. Девяткина. М.: Институт языкознания РАН, 2012. ",190–204,Глава книги,кабардинский,фонетика/фонология,https://publications.hse.ru/pubs/share/folder/txi9yrqrre/112699958.pdf,https://publications.hse.ru/view/103627134,to_find,,Ирина Кочеткова,,,,,
96,"Мороз, Георгий Алексеевич",moroz-g,2012,Консонантная система уляпского говора в сопоставлении с аналогами других диалектов адыгских языков,"Полевые исследования студентов РГГУ: Этнология, фольклористика, лингвистика, религиоведение. Вып. VII./ Науч. ред.: Д. П. Бак, В. В. Минаев. Под общ. ред.: Л. Г. Жукова, О. А. Казакевич, В. Л. Кляус, Н. А. Козлова, Ю. А. Ландер, А. Б. Мороз, Ю. В. Филиппов. М.: РГГУ, 2012.",193–200,Глава книги,"кабардинский, адыгейский, убыхский, абхазский, абазинский",фонетика/фонология,https://publications.hse.ru/pubs/share/folder/obuug0f8yu/112698683.pdf,https://publications.hse.ru/view/112698686,to_find,,Ирина Кочеткова,,,,,
97,"Мороз, Георгий Алексеевич",moroz-g,2012,"Адыгский, адыгейский, бесленеевский, уляпский: представления носителей уляпского говора о своем языке","«Народная лингвистика»: взгляд носителей языка на язык. Тезисы докладов международной научной конференции./ Отв. ред.: Е. Головко. СПб.: Издательство Нестор-История, 2012.",42–44,Глава книги,кабардинский,экстралингвистическое,https://publications.hse.ru/pubs/share/folder/0eo9e5g658/112699577.pdf,https://publications.hse.ru/view/103627209,to_find,,Ирина Кочеткова,,,,,
98,"Мороз, Георгий Алексеевич",moroz-g,2014,Структура составных числительных языков кавказа в типологической перспективе: сложение,Вестник Московского государственного гуманитарного университета им. М.А. Шолохова. Филологические науки. 2014. № 1.,85–100,Статья,кавказские,"морфосинтаксис, семантика",https://publications.hse.ru/pubs/share/folder/mfmi7uv3c9/126619155.pdf,https://publications.hse.ru/view/126619228,to_find,,Ирина Кочеткова,,,,,
99,"Мороз, Георгий Алексеевич",moroz-g,2014,Особенности систем числительных языков Кавказа,"Логический анализ языка: Числовой код в разных языках и культурах. / Отв. ред.: Н. Д. Арутюнова. Науч. ред.: Н. Д. Арутюнова, М. Л. Ковшова, С. Ю. Бочавер. Под общ. ред.: Н. Д. Арутюнова. М.: Издательская группа URSS, 2014.",171–182,Статья,кавказские,"морфосинтаксис, семантика",https://publications.hse.ru/pubs/share/folder/tby00n5dff/112699428.pdf,https://publications.hse.ru/view/103633762,to_find,,Ирина Кочеткова,,,,,
100,"Мороз, Георгий Алексеевич",moroz-g,2015,Адыгские идиомы в Турции: от первых описаний до собственной письменности,Вестник РГГУ. Серия «Филологические науки. Языкознание»/ Московский лингвистический журнал. 2015.,44–60,Статья,"кабардинский, адыгейский","семантика, экстралингвистическое",https://publications.hse.ru/pubs/share/folder/3umi55u7pm/168436184.pdf,https://publications.hse.ru/view/162503452,to_find,,Ирина Кочеткова,,,,,
101,"Мороз, Георгий Алексеевич",moroz-g,2017,Cкорости речи носителей кубанского диалекта кабардино-черкесского языка: устный дискурс vs. чтения текста,Томский журнал лингвистических и антропологических исследований. 2017. № 2,9–17,Статья,кабардинский,нейролингвистика,https://www.hse.ru/data/2021/04/08/1391837863/Cкорости%20речи%20носителей%20кубанского%20диале..стный%20дискурс%20vs.%20чтения%20текста.pdf,https://publications.hse.ru/view/209055020,to_find,,Ирина Кочеткова,,,,,
102,"Moroz, George and Martynova, Aleksandra","moroz-g, martynova-a",2017,Uvular consonants in Languages of the Caucasus,"Historical Linguistics of the Caucasus: Book of abstracts. Paris, 12-14 April, 2017 / Историческое изучение языков Кавказа. Тезисы докладов Международной научной конференции. Париж, 12-14 апреля 2017 г./ Ed. by T. Maisak. Махачкала: ИЯЛИ ДНЦ РАН, 2017. ",150–153,Тезисы,кавказские,фонетика/фонология,https://publications.hse.ru/pubs/share/direct/227027842.pdf,https://publications.hse.ru/view/210920085,to_find,,Ирина Кочеткова,,,,,
103,"Мороз, Георгий Алексеевич and Романова, Ксения Игоревна","moroz-g, romanova-k",2018,Искать' и 'найти' в абазинском языке,"ЕВРика! Сборник статей о поисках и находках к юбилею Е.В. Рахилиной. / Под общ. ред.: Д. А. Рыжова, Н. Р. Добрушина, А. А. Бонч-Осмоловская, А. С. Выренкова, М. В. Кюсева, Б. В. Орехов, Т. И. Резникова. М.: Лабиринт, 2018",100–104,Статья,абазинский,"лексика, семантика",https://publications.hse.ru/pubs/share/direct/218688147.pdf,https://publications.hse.ru/view/218688167,to_find,,Ирина Кочеткова,,,,,
104,"Мороз, Георгий Алексеевич",moroz-g,2019,Слоговая структура адыгейского языка,Вопросы языкознания. 2019. № 2,82–95,Статья,адыгейский,фонетика/фонология,https://www.hse.ru/data/2021/04/08/1391837867/%D0%A1%D0%BB%D0%BE%D0%B3%D0%BE%D0%B2%D0%B0%D1%8F%20%D1%81%D1%82%D1%80%D1%83%D0%BA%D1%82%D1%83%D1%80%D0%B0%20%D0%B0%D0%B4%D1%8B%D0%B3%D0%B5%D0%B9%D1%81%D0%BA%D0%BE%D0%B3%D0%BE%20%D1%8F%D0%B7%D1%8B%D0%BA%D0%B0_%D0%92%D0%BE%D0%BF%D1%80%D0%BE%D1%81%D1%8B%20%D1%8F%D0%B7%D1%8B%D0%BA%D0%BE%D0%B7%D0%BD%D0%B0%D0%BD%D0%B8%D1%8F.pdf,https://doi.org/10.31857/S0373658X0004303-2,10.31857/S0373658X0004303-2,,Ирина Кочеткова,,,,,
105,"Moroz, George and Mamonova, Tatyana","moroz-g, mamonova-t",2019,VOT features of consonants in Abaza,"NRU HSE. Series WP BRP ""Linguistics"". 2019. No. 91/LNG/2019",,Статья,абазинский,фонетика/фонология,https://papers.ssrn.com/sol3/Delivery.cfm/SSRN_ID3504678_code1767127.pdf?abstractid=3504678&mirid=1,http://doi.org/10.2139/ssrn.3504678,10.2139/ssrn.3504678,,Ирина Кочеткова,,,,,
106,"Moroz, George and Arkhipov,  Alexandre and Daniel, Michael and Belyaev, Oleg and Esling, John","moroz-g, arkhipov-a, daniel-m, belyaev-o, esling-j",2019,A reinterpretation of lower-vocal-tract articulations in Caucasian languages,"Proceedings of the 19th International Congress of Phonetic Sciences, Melbourne, Australia 2019. Australasian Speech Science and Technology Association Inc., 2019",1550–1554,Статья,кавказские,фонетика/фонология,https://www.internationalphoneticassociation.org/icphs-proceedings/ICPhS2019/papers/ICPhS_1599.pdf,https://publications.hse.ru/view/318354197,to_find,,Ирина Кочеткова,,,,,
107,"Мороз, Георгий Алексеевич",moroz-g,2021,Некоторые вопросы сегментной и супрасегментной фонологии и фонетики адыгских языков,,,Книга,"кабардинский, адыгейский, убыхский",фонетика/фонология,http://www.hse.ru/data/xf/883/585/1395/%D0%94%D0%B8%D1%81%D1%81%D0%B5%D1%80%D1%82%D0%B0%D1%86%D0%B8%D1%8F_%D0%9C%D0%BE%D1%80%D0%BE%D0%B7_%D0%B4%D0%BB%D1%8F%20%D1%81%D0%B0%D0%B9%D1%82%D0%B0.pdf,https://www.hse.ru/sci/diss/448328073,to_find,,Ирина Кочеткова,,,,,
108,"Багирокова, Ирина Гаруновна",bagirokova-i,2016,Адыгские языки в современных исследованиях,Вестник Воронежского государственного университета. Серия: Лингвистика и межкультурная коммуникация. 2016. № 4,85–88,Статья,адыгейский,экстралингвистическое,https://publications.hse.ru/pubs/share/direct/207153786.pdf,https://publications.hse.ru/view/207153790,to_find,,Ирина Кочеткова,,,,,
109,"Багирокова, Ирина Гаруновна",bagirokova-i,2019,"Международная конференция ""Кавказские языки: типология и диахрония"" (Москва, ИЯз РАН, 23–24 октября 2019 г.)",Родной язык: лингвистический журнал. 2019. № 2. С,129–137,Статья,кавказские,экстралингвистическое,https://cyberleninka.ru/article/n/mezhdunarodnaya-konferentsiya-kavkazskie-yazyki-tipologiya-i-diahroniya-moskva-iyaz-ran-23-24-oktyabrya-2019-g,https://elibrary.ru/item.asp?id=42422609,to_find,,Ирина Кочеткова,,,,,
110,"Багирокова, Ирина Гаруновна and Рыжова, Дарья Александровна","bagirokova-i, ryzhova-d",2020,Метафоры глаголов падения в адыгейском языке,Известия РАН. Серия литературы и языка. 2020. Т. 79. № 5,69–86,Статья,адыгейский,"лексика, семантика",https://www.elibrary.ru/download/elibrary_44395398_66080758.pdf,http://doi.org/10.31857/S241377150012298-0,10.31857/S241377150012298-0,,Ирина Кочеткова,,,,,
111,"Багирокова, Ирина Гаруновна and Рыжова, Дарья Александровна","bagirokova-i, ryzhova-d",2020,Глаголы падения и особенности их аргументной структуры в адыгских языках,Acta Linguistica Petropolitana. Труды института лингвистических исследований. 2020. Т. 16. № 1,723–756,Статья,"кабардинский, адыгейский","лексика, морфосинтаксис, семантика",https://alp.iling.spb.ru/static/alp_XVI_1/22.pdf,http://doi.org/10.30842/alp2306573716122,10.30842/alp2306573716122,,Ирина Кочеткова,,,,,
112,"Багирокова, Ирина Гаруновна and Рыжова, Дарья Александровна","bagirokova-i, ryzhova-d",2022,Глаголы прятания и особенности их оформления локативными аффиксами в адыгейском языке,Вопросы языкознания. 2022. № 4.,95–114,Статья,адыгейский,"лексика, морфосинтаксис",https://publications.hse.ru/pubs/share/direct/716244784.pdf,https://doi.org/10.31857/0373-658X.2022.4.95-114,10.31857/0373-658X.2022.4.95-114,,Ирина Кочеткова,,,,,
113,"Zdorova, Nina and Bagirokova, Irina and Parshina, Olga and Ogly, Bela and Krasikova, Ekaterina and Ziubanova, Anastasiia and Unarokova, Shamset and Makerova, Susanna and Dragoy, Olga","zdorova-n, bagirokova-i, parshina-o, ogly-b, krasikova-e, ziubanova-a, unarokova-s, makerova-s, dragoy-o",2023,Eye movement corpora in Adyghe and Russian: an eye-tracking study of sentence reading in bilinguals,Frontiers in Psychology. 2023. Vol. 14. P. 1.,,Статья,адыгейский,"корпусная лингвистика, нейролингвистика",https://publications.hse.ru/pubs/share/direct/871787933.pdf,http://doi.org/10.3389/fpsyg.2023.1212701,10.3389/fpsyg.2023.1212701,1664-1078,Ирина Кочеткова,,,,,
114,"Рыжова, Дарья Александровна and Кюсева, Мария Викторовна","ryzhova-d, kyuseva-m",2015,Глаголы звуков животных в бжедугском диалекте адыгейского языка,"«Глаголы звуков животных: типология метафор»./ Отв. ред.: Т. И. Резникова, А.С. Выренкова, Б. В. Орехов, Д. А. Рыжова. Сост.: Е. В. Рахилина.М.: Языки славянских культур, 2015",235–246,Глава книги,адыгейский,лексика,to_find,https://publications.hse.ru/view/139374882,to_find,9.78594E+12,Ирина Кочеткова,,,,,
115,"Рыжова, Дарья Александровна and Кюсева, Мария Викторовна","ryzhova-d, kyuseva-m",2016,Особенности выражения локативных значений в кубанском диалекте кабардино-черкесского языка (на примере глаголов падения),Вестник Воронежского государственного университета. Серия: Лингвистика и межкультурная коммуникация. 2016. № 2,79–85,Статья,кабардинский,"лексика, семантика",https://publications.hse.ru/pubs/share/folder/b4l4hztucm/168138630.pdf,https://publications.hse.ru/view/168138750,to_find,,Ирина Кочеткова,,,,,
116,"Тестелец, Яков Георгиевич",testelets-y,2021,Ролевые языки Северного Кавказа: идея А.Е. Кибрика через 40 лет,Рема. Rhema. 2021. № 2,65–83,Статья,кавказские,"морфосинтаксис, экстралингвистическое",https://cyberleninka.ru/article/n/rolevye-yazyki-severnogo-kavkaza-ideya-a-e-kibrika-cherez-40-let/viewer,http://doi.org/10.31862/2500-2953-2021-2-65-83,10.31862/2500-2953-2021-2-65-83,,Ирина Кочеткова,,,,,
117,"Тестелец, Яков Георгиевич",testelets-y,2020,Ролевые языки Северного Кавказа: идея А.Е. Кибрика через 40 лет,"Звегинцевские чтения – 2020. К 60-летию кафедры и отделения теоретической и прикладной лингвистики и 110-летию со дня рождения В.А. Звегинцева. Материалы конференции (Москва, МГУ им. М.В. Ломоносова, 30–31 октября 2020 г.). М.: Изд-во МГУ. 2020",113–115,Тезисы,кавказские,"морфосинтаксис, экстралингвистическое",https://drive.google.com/file/d/1L4FZJpxEftz6eSoIebZW3KplNrKNUSHA/view,https://istina.cemi-ras.ru/collections/330989279/,to_find,,Ирина Кочеткова,,,,,
118,"Тестелец, Яков Георгиевич",testelets-y,2014,Структура именных конструкций и проблема чередования падежей в адыгских языках.,Плунгян В.А. и др. (ред.). Язык. Константы. Переменные. Памяти Александра Евгеньевича Кибрика. СПб.: Алетейя. 2014,536–551,Статья,"адыгейский, кабардинский",морфосинтаксис,to_find,https://www.elibrary.ru/item.asp?id=21464875&pff=1,to_find,,Ирина Кочеткова,,,,,
119,"Тестелец, Яков Георгиевич",testelets-y,2007,Экспедиция в Адыгею,"Бак Д.П.(ред.), Полевые исследования студентов РГГУ. Этнология. Фольклористика. Лингвистика. Религиоведение. Вып. II. М.: РГГУ. 2007",275–276,Статья,адыгейский,экстралингвистическое,to_find,https://www.elibrary.ru/item.asp?id=20800776&pff=1,to_find,,Ирина Кочеткова,,,,,
120,"Тестелец, Яков Георгиевич",testelets-y,2004,О трех моделях морфологической структуры,Ин-т лингвистических исследований РАН. Первая Конференция по типологии и грамматики для молодых исследователей. Тезисы докладов СПб. 24–25 сентября 2004,115–122,Тезисы,,морфосинтаксис,to_find,to_find,to_find,,Ирина Кочеткова,,,,,
121,"Testelets, Yakov and Arkadiev, Peter","testelets-y, arkadiev-p",2019,Differential nominal marking in Circassian,Studies in Language 43-3 (2019),715–751,Статья,адыгейский,морфосинтаксис,https://www.academia.edu/39228078/DIFFERENTIAL_NOMINAL_MARKING_IN_CIRCASSIAN,https://doi.org/10.1075/sl.18063.ark,10.1075/sl.18063.ark,,Ирина Кочеткова,,,,,
122,"Arkadiev, Peter",arkadiev-p,2020,"Actionality, aspect, tense and counterfactuality in Kuban Kabardian",Studia Orientalia Electronica 8-3 (2020),5–21,Статья,кабардинский,морфосинтаксис,https://www.researchgate.net/publication/344330616_Actionality_Aspect_Tense_and_Counterfactuality_in_Kuban_Kabardian,http://dx.doi.org/10.23993/store.69767,10.23993/store.69767,,Ирина Кочеткова,,,,,
123,"Arkadiev, Peter",arkadiev-p,2020,Non-canonical inverse in Circassian languages,Sprachtypologie und Universalienforschung 73-1 (2020),81–111,Статья,"кабардинский, адыгейский, убыхский, абхазский, абазинский",морфосинтаксис,https://www.academia.edu/37779136/NON_CANONICAL_INVERSE_IN_CIRCASSIAN_LANGUAGES,https://doi.org/10.1515/stuf-2019-0028,10.1515/stuf-2019-0028,,Ирина Кочеткова,,,,,
124,"Arkadiev, Peter",arkadiev-p,2020,Syntax in morphological guise: Interrogative verbal morphology in Abaza,Linguistic Typology 24-2 (2020),211–251,Статья,абазинский,морфосинтаксис,https://www.researchgate.net/publication/343918122_Syntax_in_morphological_guise_Interrogative_verbal_morphology_in_Abaza,https://doi.org/10.1515/lingty-2020-5004,10.1515/lingty-2020-5004,,Ирина Кочеткова,,,,,
125,"Arkadiev, Peter",arkadiev-p,2021,Borrowing non-canonical inverse between Kabardian and Abaza,"Word Structure 14-2 (2021), special issue “Morphology in Contact”, ed. by Francesco Gardani & Franz Rainer",148–173,Статья,"абазинский, кабардинский",морфосинтаксис,https://www.researchgate.net/publication/344330622_Borrowing_non-canonical_inverse_between_Kabardian_and_Abaza,https://doi.org/10.3366/word.2021.0185,10.3366/word.2021.0185,,Ирина Кочеткова,,,,,
126,"Arkadiev, Peter",arkadiev-p,2022,Morphology of the Caucasian languages: a typological overview,Jezikoslovni Zapiski 28-1 (2022),7–38,Статья,кавказские,морфосинтаксис,https://ojs.zrc-sazu.si/jz/article/view/11118/10321,https://doi.org/10.3986/JZ.28.1.01,10.3986/JZ.28.1.01,,Ирина Кочеткова,,,,,
127,"Аркадьев, Петр Михайлович",arkadiev-p,2014,Система форм плюсквамперфекта в шапсугском диалекте адыгейского языка,Вопросы языкознания. 2014. № 4,46–65,Статья,адыгейский,морфосинтаксис,https://inslav.ru/images/stories/people/arkadiev/Arkadiev2014ShapsugPluperfectVJa.pdf,https://www.academia.edu/2000659/Система_форм_плюсквамперфекта_в_шапсугском_диалекте_адыгейского_языка,to_find,,Ирина Кочеткова,,,,,
128,"Рыжова, Дарья Александровна and Кюсева, Мария Викторовна and Аркадьев, Петр Михайлович","ryzhova-d, kyuseva-m, arkadiev-p",2016,Грамматическая полисемия сквозь призму лексики: инструменталис в бесленеевском диалекте кабардино-черкесского языка,Acta Linguistica Petropolitana 12-1 (2016),665–678,Статья,кабардинский,"морфосинтаксис, семантика",https://www.academia.edu/28283471/Грамматическая_полисемия_сквозь_призму_лексики_инструменталис_в_бесленеевском_диалекте_кабардино_черкесского_языка,https://www.academia.edu/28283471/Грамматическая_полисемия_сквозь_призму_лексики_инструменталис_в_бесленеевском_диалекте_кабардино_черкесского_языка,to_find,,Ирина Кочеткова,,,,,
129,"Аркадьев, Петр Михайлович",arkadiev-p,2017,Морфосинтаксис фокусной связки в бесленеевском диалекте кабардиночеркесского языка,"Вестник РГГУ. Серия «История. Филология. Культурология. Востоковедение / Российский гос. гуманитарный ун-т. - Москва : Издательский центр Российского гос. гуманитарного ун-та. 2017, № 11(32)",9–23,Статья,кабардинский,морфосинтаксис,https://inslav.ru/sites/default/files/arkadiev2017_besleneycopula.pdf,https://www.academia.edu/35314815/Морфосинтаксис_фокусной_связки_в_бесленеевском_диалекте_кабардино_черкесского_языка,to_find,,Ирина Кочеткова,,,,,
130,"Аркадьев, Петр Михайлович",arkadiev-p,2018,"Взаимодействие акциональности, аспекта и времени в условных конструкциях кубанского диалекта кабардино-черкесского языка"," Acta Linguistica Petropolitana, 14-2 (2018)",9–36,Статья,кабардинский,грамматическая семантика,https://inslav.ru/sites/default/files/arkadiev2018_kubancounterfactualsalp.pdf,https://www.academia.edu/30737954/Взаимодействие_акциональности_аспекта_и_времени_в_условных_конструкциях_кубанского_диалекта_кабардино_черкесского_языка,to_find,,Ирина Кочеткова,,,,,
131,"Аркадьев, Петр Михайлович",arkadiev-p,2018,От результатива к пассиву: данные западнокавказских языков,"Типология морфосинтаксических параметров, 2018, № 1",31–50,Статья,"кабардинский, адыгейский, убыхский, абхазский, абазинский","морфосинтаксис, семантика",https://inslav.ru/sites/default/files/arkadiev2019_nwcresultativetmp.pdf,https://www.academia.edu/38273990/От_результатива_к_пассиву_данные_западнокавказских_языков,to_find,,Ирина Кочеткова,,,,,
132,"Аркадьев, Петр Михайлович and Дурнева, Софья Павловна","arkadiev-p, durneva-s",2019,Стратегии рефлексивизации в абазинском языке,"Типология морфосинтаксических параметров, 2019, № 1",28–48,Статья,абазинский,морфосинтаксис,https://www.academia.edu/40928525/Стратегии_рефлексивизации_в_абазинском_языке_Reflexivization_strategies_in_Abaza,https://www.academia.edu/40928525/Стратегии_рефлексивизации_в_абазинском_языке_Reflexivization_strategies_in_Abaza,to_find,,Ирина Кочеткова,,,,,
133,"Аркадьев, Петр Михайлович",arkadiev-p,2023,Финитность в морфологии и синтаксисе: свидетельства абазинского языка,"Вопросы языкознания.  2023, № 1",103–131,Статья,абазинский,морфосинтаксис,https://vja.ruslang.ru/archive/2023-1/103-131,https://www.doi.org/10.31857/0373-658X.2023.1.103-131,10.31857/0373-658X.2023.1.103-131,,Ирина Кочеткова,,,,,
134,"Arkadiev, Peter",arkadiev-p,2009,Lexical and compositional factors in the aspectual system of Adyghe,"Lotte Hogeweg, Helen de Hoop & Andrej Malchukov (eds.), Cross-Linguistic Semantics of Tense, Aspect and Modality. (Linguistik Aktuell 148) Amsterdam, Philadelphia: John Benjamins, 2009",55–82,Статья,адыгейский,"лексика, морфосинтаксис",https://www.academia.edu/1419669/Lexical_and_compositional_factors_in_the_aspectual_system_of_Adyghe,https://doi.org/10.1075/la.148.04ark,10.1075/la.148.04ark,,Ирина Кочеткова,,,,,
135,"Arkadiev, Peter and Maisak, Timur ","arkadiev-p, maisak-t",2018,Grammaticalization in the North Caucasian languages,"Heiko Narrog & Bernd Heine (eds.), Grammaticalization from a Typological Perspective. (Oxford Studies in Diachronic and Historical Linguistics) Oxford: Oxford University Press, 2018",116–145,Статья,"кабардинский, адыгейский, убыхский, абхазский, абазинский","грамматическая семантика, морфосинтаксис",https://inslav.ru/sites/default/files/arkadievmaisak2018gramncauc_prepub.pdf,https://elibrary.ru/item.asp?id=36861804,to_find,,Ирина Кочеткова,,,,,
136,"Durneva, Sonia  and Arkadiev, Peter","durneva-s , arkadiev-p",2023,Reflexive constructions in Abaza,"Katarzyna Janic, Nicoletta Puddu & Martin Haspelmath (eds.), Reflexive Constructions in the World's Languages. Berlin: Language Science Press, 2023",233–257,Статья,абазинский,морфосинтаксис,https://zenodo.org/records/7874946,http://dx.doi.org/10.5281/zenodo.7874946,10.5281/zenodo.7874946,,Ирина Кочеткова,,,,,
137,"Arkadiev, Peter",arkadiev-p,2023,Unmarked resultatives in Abaza and passive lability,"Nina Sumbatova, Ivan Kapitonov, Maria Khachaturyan, Sofia Oskolskaya & Samira Verhees (eds.), Songs and Trees: Papers in Memory of Sasha Vydrina. St. Petersburg: Institute of Linguistic Studies of the Russian Academy of Sciences, 2023",485–505,Статья,абазинский,морфосинтаксис,https://drive.google.com/uc?export=download&id=1qDVgcaycIVLSec7AWtGma9Vw-mAP9r75,https://sashavydrina.tilda.ws/inmemoriam,to_find,,Ирина Кочеткова,,,,,
138,"Panova, Anastasia and Arkadiev, Peter","panova-a, arkadiev-p",2024,Independent pronouns in languages with pronominal affixes: Evidence from Abaza,"Nikolay Korotaev & Nina Sumbatova (eds.), Состав науки: Сборник статей к юбилею Веры Исааковны Подлесской [Corpus scientiae: Papers in honor of Vera I. Podlesskaya]. Moscow: Buki Vedi, 2024",30–58,Статья,абазинский,морфосинтаксис,https://www.academia.edu/112437050/Independent_pronouns_in_languages_with_pronominal_affixes_Evidence_from_Abaza,https://www.academia.edu/112437050/Independent_pronouns_in_languages_with_pronominal_affixes_Evidence_from_Abaza,to_find,,Ирина Кочеткова,,,,,
139,"Аркадьев, Петр Михайлович",arkadiev-p,2007,Предикаты и обстоятельства длительности в адыгейском языке: взаимодействие лексической и синтаксической семантики,"Структуры и интерпретации : работы молодых исследователей по теоретической и прикладной лингвистике : [сборник] / науч. ред. Ф. И. Дудчук, Н. В. Ивлиева, А. В. Подобряев. - Москва : Изд-во Московского ун-та, 2007",172–194,Статья,адыгейский,"лексика, морфосинтаксис, семантика",https://www.academia.edu/2000645/Предикаты_и_обстоятельства_длительности_в_адыгейском_языке_взаимодействие_лексической_и_синтаксической_семантики,https://www.academia.edu/2000645/Предикаты_и_обстоятельства_длительности_в_адыгейском_языке_взаимодействие_лексической_и_синтаксической_семантики,to_find,,Ирина Кочеткова,,,,,
140,"Аркадьев, Петр Михайлович",arkadiev-p,2008,Таксономические категории глагола и темпоральные наречия: свидетельства адыгейского языка,"Динамические модели : слово, предложение, текст : сборник статей в честь Е. В. Падучевой / [редкол. : А. В. Бондарко, Г. И. Кустова, Р. И. Розина]. - Москва : Яз. славянских культур, 2008",59–70,Статья,адыгейский,морфосинтаксис,https://lexicograph.ruslang.ru/TextPdf1/Kniga_2008.pdf,https://www.elibrary.ru/item.asp?id=23542306,to_find,,Ирина Кочеткова,,,,,
141,"Тестелец, Яков Георгиевич and Аркадьев, Петр Михайлович","testelets-y, arkadiev-p",2009,О трёх чередованиях в адыгейском языке,"Аспекты полисинтетизма: очерки по грамматике адыгейского языка : [сборник] / Российский гос. гуманитарный ун-т ; [редкол.: Я. Г. Тестелец (отв. ред.) и др.]. - Москва : Российский гос. гуманитарный ун-т, 2009",121–145,Статья,адыгейский,"морфосинтаксис, фонетика/фонология",https://www.academia.edu/2000477/О_трёх_чередованиях_в_адыгейском_языке_On_three_morphophonemic_alternations_in_Adyghe_,https://www.academia.edu/2000477/О_трёх_чередованиях_в_адыгейском_языке_On_three_morphophonemic_alternations_in_Adyghe_,to_find,,Ирина Кочеткова,,,,,
142,"Аркадьев, Петр Михайлович",arkadiev-p,2009,Глагольная акциональность,"Аспекты полисинтетизма: очерки по грамматике адыгейского языка : [сборник] / Российский гос. гуманитарный ун-т ; [редкол.: Я. Г. Тестелец (отв. ред.) и др.]. - Москва : Российский гос. гуманитарный ун-т, 2009",201–261,Статья,адыгейский,"грамматическая семантика, морфология",https://inslav.ru/images/stories/people/arkadiev/Arkadiev_Glagolnaja_akcionalnost.pdf,https://www.academia.edu/2000488/Глагольная_акциональность_Verbal_Actionality_,to_find,,Ирина Кочеткова,,,,,
143,"Аркадьев, Петр Михайлович",arkadiev-p,2014,О некоторых особенностях склонения в адыгских языках,"Язык. Константы. Переменные: памяти Александра Евгеньевича Кибрика / [редкол.: В. А. Плунгян (гл. ред.) и др.]. - Санкт-Петербург : Алетейя, 2014",552–563,Статья,"адыгейский, кабардинский",морфосинтаксис,https://inslav.ru/images/stories/people/arkadiev/Arkadiev2014_Adyghe_caseparadigm_AEK.pdff,https://www.elibrary.ru/item.asp?id=21464861&pff=1,to_find,,Ирина Кочеткова,,,,,
144,"Аркадьев, Петр Михайлович",arkadiev-p,2022,К описанию условных конструкций в абазинском языке,"Opuscula linguistica Magistro sapientissimo dedicata. Сборник статей к 90- летию Виктора Самуиловича Храковского/ ред. Герасимов и др. — СПб: Институт Языкознания РАН, 2022",6–15,Статья,абазинский,морфосинтаксис,https://iling.spb.ru/publications/1328,https://doi.org/10.30842/9785604799888,10.30842/9785604799888,,Ирина Кочеткова,,,,,
145,"Аркадьев, Петр Михайлович",arkadiev-p,2023,К вопросу об инкорпорации в абазинском языке,"Язык как он есть: Сборник статей к 60-летию Андрея Александровича Кибрика / Ред.-сост. Т.И. Давидюк, И.И. Исаев, Ю.В. Мазурова, С.Г. Татевосов, О.В. Федорова. — М.: Буки Веди, 2023",149–154,Статья,абазинский,морфосинтаксис,https://iling-ran.ru/web/sites/default/files/books/2023/aak60/aak60_22.pdf,https://iling-ran.ru/web/sites/default/files/books/2023/aak60/aak60_22.pdf,to_find,,Ирина Кочеткова,,,,,
146,"Аркадьев, Петр Михайлович",arkadiev-p,2023,Части тела в грамматике западнокавказских языков,"Грани Естественного Языка и Кинесики : Сборник статей к 75‑летию Григория Ефимовича Крейдлина / Ред. Переверзева С. И., Иткин И. Б., Л. А. Хесед — М.: Дискурс, 2023",43–51,Статья,"кабардинский, адыгейский, убыхский, абхазский, абазинский","лексика, семантика",to_find,to_find,to_find,,Ирина Кочеткова,,,,,
147,"Arkadiev, Peter",arkadiev-p,2017,When perfective and imperfective mean the same: Pluperfect and “retrospective shift” in Circassian languages,"Gilles Authier, Hélène Gérardin, Magomed Magomedov & Timur Maisak (eds.), Historical Linguistics of the Caucasus. Book of abstracts. Paris, 12–14 April 2017. Makhachkala: G. Tsadasa Institute for Lan- guage, Literature and Art of the Daghestan Scientific Center of the Russian Academy of Sciences, 2017",18–23,Тезисы,кавказские,"грамматическая семантика, морфосинтаксис, семантика",https://inslav.ru/sites/default/files/arkadiev2017_circplupparis.pdf,https://www.researchgate.net/publication/344321428_When_perfective_and_imperfective_mean_the_same_Pluperfect_and_retrospec-tive_shift_in_Circassian_languages,to_find,,Ирина Кочеткова,,,,,
148,"Caponigro, Ivano  and Arkadiev, Peter","caponigro-i , arkadiev-p",2021,Conveying content questions without whwords: evidence from Abaza,"Patrick Grosz, Luisa Martí, Hazel Pearson, Yasutada Sudo & Sarah Zobel (eds.), Proceedings of Sinn und Bedeutung 25, 2021",73–94,Статья,абазинский,морфосинтаксис,https://www.academia.edu/44094262/Conveying_content_questions_without_wh_words_Evidence_from_Abaza,https://doi.org/10.18148/SUB/2021.V25I0.925,10.18148/SUB/2021.V25I0.925,,Ирина Кочеткова,,,,,
149,"Arkadiev, Peter",arkadiev-p,2022,Polysynthesis: Lessons from Northwest Caucasian languages,"Jenny Audring, Katerina T. Frantzi, Nikos Koutsoukos, Giorgos Markopoulos & Kalomira Nikolou (eds.), Comparing Typologies. Online Proceedings of the 13th Mediterranean Morphology Meeting (MMM13), Rhodes (Greece), May 19–22, 2022. Patras: University of Patras, 2023",1–25,Статья,"кабардинский, адыгейский, убыхский, абхазский, абазинский",морфосинтаксис,https://peterarkadiev.github.io/publications/Arkadiev2023_polysynthesis_MMM_pub.pdf,https://www.academia.edu/89547662/Polysynthesis_lessons_from_Northwest_Caucasian_languages,to_find,,Ирина Кочеткова,,,,,
150,"Аркадьев, Петр Михайлович",arkadiev-p,2014,Адыгейская лингвистическая экспедиция: десятилетняя ретроспектива и дальнейшее развитие,"Полевые исследования студентов РГГУ : этнология, фольклористика, лингвистика : [сборник] / Федеральное агентство по образованию, Российский гос. гуманитарный ун-т, Учеб. упр., Отд. произв. практики ; [отв. ред. Д. П. Бак]. - Москва : Российский гос. гуманитарный ун-т. Вып. 9 / [отв. ред. Е. И. Пивовар]. - 2014",152–161,Статья,адыгейский,экстралингвистическое,https://inslav.ru/images/stories/people/arkadiev/Arkadiev_2015_AdygExped10Let.pdf,https://www.elibrary.ru/item.asp?id=23890465&pff=1,to_find,,Ирина Кочеткова,,,,,
151,"Аркадьев, Петр Михайлович",arkadiev-p,2017,Дейктические превербы адыгских языков и типология инверсива,"Типология морфосинтаксических параметров. Вып. 4. Материалы международной конференции «Типология морфосинтаксических параметров 2017». / Под ред. Е.А. Лютиковой и А.В. Циммерлинга. М.: Гос. ИРЯ им. А. С. Пушкина, 2017",105–119,Статья,"кабардинский, адыгейский, убыхский, абхазский, абазинский","грамматическая семантика, морфосинтаксис",https://inslav.ru/sites/default/files/arkadiev2017_circinversetmp_pub.pdf,https://elibrary.ru/item.asp?id=34947954,to_find,,Ирина Кочеткова,,,,,
152,"Аркадьев, Петр Михайлович",arkadiev-p,2018,Частные вопросы без вопросительных слов: интеррогативные глагольные формы в абазинском языке,"Малые языки в большой лингвистике. Сборник трудов конференции 2017 М: Буки-Веди, 2018",9–15,Статья,абазинский,морфосинтаксис,https://inslav.ru/sites/default/files/arkadiev2018_abazawh_inslav.pdf,https://elibrary.ru/item.asp?id=36999592,to_find,,Ирина Кочеткова,,,,,
153,"Клягина, Евгения Сергеевна and Аркадьев, Петр Михайлович","klyagina-e, arkadiev-p",2019,Категория сверхпрошлого в западнокавказских языках,"Кавказская филология: история и перспективы. К 90-летию Мухадина Абубекировича Кумахова: сборник научных статей/ Ред. Бижоев. Нальчик, 2019",180-191,Статья,"кабардинский, адыгейский, абхазский, абазинский","морфосинтаксис, семантика",https://publications.hse.ru/pubs/share/direct/401860105.pdf,https://publications.hse.ru/chapters/401860122,to_find,,Ирина Кочеткова,,,,,
154,"Клягина, Евгения Сергеевна and Аркадьев, Петр Михайлович","klyagina-e, arkadiev-p",2022,К описанию распределения двух перфективных форм в абазинских нарративах,"Малые языки в большой лингвистике : [сборник статей] / Московский государственный университет имени М. В. Ломоносова, Филологический факультет, Междисциплинарная научно-образовательная школа ""Сохранение мирового культурно-исторического наследия"", Кафедра теоретической и прикладной лингвистики. - Москва. Вып. 4 : [2023] / редактор И. А. Хомченкова. - 2022",7-26,Статья,абазинский,"грамматическая семантика, морфосинтаксис",https://www.academia.edu/99637620/К_описанию_распределения_двух_перфективных_форм_в_абазинских_нарративах,https://www.academia.edu/99637620/К_описанию_распределения_двух_перфективных_форм_в_абазинских_нарративах,to_find,,Ирина Кочеткова,,,,,
155,"Arkadiev, Peter",arkadiev-p,2021,Bivalent patterns in Abaza,"Sergey Say (ed.), BivalTyp: Typological database of bivalent verbs and their encoding frames. St. Petersburg: Institute for Linguistic Studies, RAS. (Data first published on January 08, 2021; last revised on January 08, 2021.)",,Статья,абазинский,морфосинтаксис,https://www.bivaltyp.info/languages/descriptions/Abaza.html,https://www.bivaltyp.info/languages/descriptions/Abaza.html,to_find,,Ирина Кочеткова,,,,,
156,"Аркадьев, Петр Михайлович",arkadiev-p,2015,Ареальная типология префиксального перфектива (на материале языков Европы и Кавказа) ,"М.: Языки славянской культуры, 2015",,Книга,кавказские,"морфосинтаксис, семантика, типология",https://inslav.ru/images/stories/pdf/2015_Arkadiev.pdf,https://www.academia.edu/6934077/АРЕАЛЬНАЯ_ТИПОЛОГИЯ_ПРЕФИКСАЛЬНОГО_ПЕРФЕКТИВА,to_find,,Ирина Кочеткова,,,,,
157,"Arkadiev, Peter and Letuchiy, Alexander","arkadiev-p, letuchiy-a",2021,Indirect antipassive in Circassian,"Antipassive: Typology, diachrony, and related constructions. / Ed. by K. Blaszczyk, A. Witzlack-Makarevich. Philadelphia, Amsterdam: John Benjamins Publishing Company, 2021. doi Ch. 15.",483–514,Статья,адыгейский,"грамматическая семантика, морфосинтаксис",https://www.academia.edu/33715762/Indirect_antipassive_in_Circassian,https://doi.org/10.1075/tsl.130.15ark,10.1075/tsl.130.15ark,,,,,,,
158,"Аркадьев, Петр Михайлович and Ландер, Юрий Александрович and Летучий, Александр Борисович and Мороз, Георгий Алексеевич and Тестелец, Яков Георгиевич","arkadiev-p, lander-y, letuchiy-a, moroz-g, testelets-y",2018,Типологически ориентированное описание абазинского языка: проспект исследований,Вестник Карачаево-Черкесского государственного университета. 2018. № 44.,95–100,Статья,абазинский,"грамматическая семантика, морфосинтаксис, семантика",https://publications.hse.ru/pubs/share/direct/227557910.pdf,https://publications.hse.ru/view/227557965,to_find,,,,,,,
159,"Letuchiy, Alexander",letuchiy-a,2016,Agreement with complement clauses in Adyghe,RHEMA. 2016. No. 4.,83–104,Статья,адыгейский,морфосинтаксис,https://cyberleninka.ru/article/n/agreement-with-complement-clauses-in-adyghe,https://publications.hse.ru/articles/201650692,to_find,,,,,,,
160,"Letuchiy, Alexander",letuchiy-a,2013,Verb classes in Adyghe: Derivational vs. nonderivational criteria,Linguistics. 2013. Vol. 51. No. 4.,729–766,Статья,адыгейский,"грамматическая семантика, морфосинтаксис",https://www.researchgate.net/profile/Alexander-Letuchiy/publication/271390018_Verb_classes_in_Adyghe_Derivational_vs_nonderivational_criteria/links/56b1ebc308aed7ba3feda47d/Verb-classes-in-Adyghe-Derivational-vs-nonderivational-criteria.pdf?_sg%5B0%5D=started_experiment_milestone&origin=journalDetail,https://doi.org/10.1515/ling-2013-0029,10.1515/ling-2013-0029,,,,,,,
161,"Letuchiy, Alexander",letuchiy-a,2012,Ergativity in the Adyghe system of valency-changing derivations,"Ergativity, valency and voice. / Ed. by G. Authier, K. Haude. Issue 48 Berlin, Boston: De Gruyter Mouton, 2012.",323–354,Статья,адыгейский,"морфосинтаксис, семантика",https://publications.hse.ru/pubs/share/folder/flmvt49cv6/64894570.pdf,https://publications.hse.ru/chapters/64894581,to_find,,,,,,,
162,"Letuchiy, Alexander and Arkadiev, Peter","letuchiy-a, arkadiev-p",2011,Prefixes and suffixes in the Adyghe polysynthetic wordform: types of interaction,"Languages and cultures in the Caucasus. / Ed. by В. С. Томеллери, М. Топадзе, А. Лукьянович. Issue 16 Berlin, Muenchen: Verlag Otto Sagner, 2011.",495–514,Статья,адыгейский,морфосинтаксис,https://inslav.ru/images/stories/people/arkadiev/ArkadievLetuchij_2011_AdyghePrefSuff.pdf,https://publications.hse.ru/chapters/66770123,to_find,,,,,,,
163,"Аркадьев, Петр Михайлович and Ландер, Юрий Александрович and Летучий, Александр Борисович and Сумбатова, Нина Романовна and Тестелец, Яков Георгиевич","arkadiev-p, lander-y, letuchiy-a, sumbatova-n, testelets-y",2009,Введение. Основные сведения об адыгейском языке,"Аспекты полисинтетизма: Очерки по грамматике адыгейского языка. / Отв. ред.: Я. Г. Тестелец. М.: РГГУ, 2009.",17–120,Статья,адыгейский,"лексика, морфосинтаксис, семантика, фонетика/фонология, экстралингвистическое",https://publications.hse.ru/mirror/pubs/share/folder/57s65ptdba/direct/117936247,https://publications.hse.ru/chapters/73408543,to_find,,,,,,,
164,"Ershova, Ksenia",ershova-k,2020,Two paths to polysynthesis: The view from West Circassian nominalizations,"Natural Language & Linguistic Theory 38(2), 2020",425-475,Статья,адыгейский,морфосинтаксис,https://www.researchgate.net/profile/Ksenia-Ershova-2/publication/333032826_Two_Paths_to_Polysynthesis_Evidence_from_West_Circassian_Nominalizations/links/5cd7bdf4a6fdccc9dda373ef/Two-Paths-to-Polysynthesis-Evidence-from-West-Circassian-Nominalizations.pdf?_sg%5B0%5D=started_experiment_milestone&_sg%5B1%5D=started_experiment_milestone&origin=journalDetail&_rtd=e30%3D,https://elibrary.ru/item.asp?id=42043510,to_find,,Ирина Кочеткова,,,,,
165,"Klyagina, Evgenia",klyagina-e,2023,Discontinuous past interpretation in Abaza,"Studies in Language. International Journal sponsored by the Foundation “Foundations of Language”, Volume 49, Issue 1, Jan 2025, p. 119 - 157",119-157,Статья,абазинский,"морфосинтаксис, семантика",https://www.academia.edu/121327723/Discontinuous_past_interpretation_in_Abaza,https://doi.org/10.1075/sl.23026.kly,10.1075/sl.23026.kly,,,,,,,
166,"Аркадьев, Петр Михайлович",arkadiev-p,2007,Еще раз о показателях «сверхпрошлого» в адыгейском языке,"4ая Конференция по типологии и грамматике для молодых исследователей Санкт-Петербург, 1–3 ноября 2007 г.",,Статья,адыгейский,"грамматическая семантика, морфосинтаксис",https://inslav.ru/images/stories/people/arkadiev/ArkadievOrlitskaya_pluperfecthand.pdf,https://www.elibrary.ru/item.asp?id=22904200&pff=1,to_find,,,,,,,
,,,,,,,,,,,,,,,,,,,
,,,,,,,,,,,,,,,,,,,
,,,,,,,,,,,,,,,,,,,
,,,,,,,,,,,,,,,,,,,
,,,,,,,,,,,,,,,,,,,
,,,,,,,,,,,,,,,,,,,
,,,,,,,,,,,,,,,,,,,
,,,,,,,,,,,,,,,,,,,
,,,,,,,,,,,,,,,,,,,
,,,,,,,,,,,,,,,,,,,
,,,,,,,,,,,,,,,,,,,
,,,,,,,,,,,,,,,,,,,
,,,,,,,,,,,,,,,,,,,
,,,,,,,,,,,,,,,,,,,
,,,,,,,,,,,,,,,,,,,
,,,,,,,,,,,,,,,,,,,
,,,,,,,,,,,,,,,,,,,
,,,,,,,,,,,,,,,,,,,
,,,,,,,,,,,,,,,,,,,
,,,,,,,,,,,,,,,,,,,
,,,,,,,,,,,,,,,,,,,
,,,,,,,,,,,,,,,,,,,
,,,,,,,,,,,,,,,,,,,
,,,,,,,,,,,,,,,,,,,
,,,,,,,,,,,,,,,,,,,
,,,,,,,,,,,,,,,,,,,
,,,,,,,,,,,,,,,,,,,
,,,,,,,,,,,,,,,,,,,
,,,,,,,,,,,,,,,,,,,
,,,,,,,,,,,,,,,,,,,
,,,,,,,,,,,,,,,,,,,
,,,,,,,,,,,,,,,,,,,
,,,,,,,,,,,,,,,,,,,
,,,,,,,,,,,,,,,,,,,
,,,,,,,,,,,,,,,,,,,
,,,,,,,,,,,,,,,,,,,
,,,,,,,,,,,,,,,,,,,
,,,,,,,,,,,,,,,,,,,
,,,,,,,,,,,,,,,,,,,
,,,,,,,,,,,,,,,,,,,
,,,,,,,,,,,,,,,,,,,
,,,,,,,,,,,,,,,,,,,
,,,,,,,,,,,,,,,,,,,
,,,,,,,,,,,,,,,,,,,
,,,,,,,,,,,,,,,,,,,
,,,,,,,,,,,,,,,,,,,
,,,,,,,,,,,,,,,,,,,
,,,,,,,,,,,,,,,,,,,
,,,,,,,,,,,,,,,,,,,
,,,,,,,,,,,,,,,,,,,
,,,,,,,,,,,,,,,,,,,
,,,,,,,,,,,,,,,,,,,
,,,,,,,,,,,,,,,,,,,
,,,,,,,,,,,,,,,,,,,
,,,,,,,,,,,,,,,,,,,
,,,,,,,,,,,,,,,,,,,
,,,,,,,,,,,,,,,,,,,
,,,,,,,,,,,,,,,,,,,
,,,,,,,,,,,,,,,,,,,
,,,,,,,,,,,,,,,,,,,
,,,,,,,,,,,,,,,,,,,
,,,,,,,,,,,,,,,,,,,
,,,,,,,,,,,,,,,,,,,
,,,,,,,,,,,,,,,,,,,
,,,,,,,,,,,,,,,,,,,
,,,,,,,,,,,,,,,,,,,
,,,,,,,,,,,,,,,,,,,
,,,,,,,,,,,,,,,,,,,
,,,,,,,,,,,,,,,,,,,
,,,,,,,,,,,,,,,,,,,
,,,,,,,,,,,,,,,,,,,
,,,,,,,,,,,,,,,,,,,
,,,,,,,,,,,,,,,,,,,
,,,,,,,,,,,,,,,,,,,
,,,,,,,,,,,,,,,,,,,
,,,,,,,,,,,,,,,,,,,
,,,,,,,,,,,,,,,,,,,
,,,,,,,,,,,,,,,,,,,
,,,,,,,,,,,,,,,,,,,
,,,,,,,,,,,,,,,,,,,
,,,,,,,,,,,,,,,,,,,
,,,,,,,,,,,,,,,,,,,
,,,,,,,,,,,,,,,,,,,
,,,,,,,,,,,,,,,,,,,
,,,,,,,,,,,,,,,,,,,
,,,,,,,,,,,,,,,,,,,
,,,,,,,,,,,,,,,,,,,
,,,,,,,,,,,,,,,,,,,
,,,,,,,,,,,,,,,,,,,
,,,,,,,,,,,,,,,,,,,
,,,,,,,,,,,,,,,,,,,
,,,,,,,,,,,,,,,,,,,
,,,,,,,,,,,,,,,,,,,
,,,,,,,,,,,,,,,,,,,
,,,,,,,,,,,,,,,,,,,
,,,,,,,,,,,,,,,,,,,
,,,,,,,,,,,,,,,,,,,
,,,,,,,,,,,,,,,,,,,
,,,,,,,,,,,,,,,,,,,
,,,,,,,,,,,,,,,,,,,
,,,,,,,,,,,,,,,,,,,
,,,,,,,,,,,,,,,,,,,
,,,,,,,,,,,,,,,,,,,
,,,,,,,,,,,,,,,,,,,
,,,,,,,,,,,,,,,,,,,
,,,,,,,,,,,,,,,,,,,
,,,,,,,,,,,,,,,,,,,
,,,,,,,,,,,,,,,,,,,
,,,,,,,,,,,,,,,,,,,
,,,,,,,,,,,,,,,,,,,
,,,,,,,,,,,,,,,,,,,
,,,,,,,,,,,,,,,,,,,
,,,,,,,,,,,,,,,,,,,
,,,,,,,,,,,,,,,,,,,
,,,,,,,,,,,,,,,,,,,
,,,,,,,,,,,,,,,,,,,
,,,,,,,,,,,,,,,,,,,
,,,,,,,,,,,,,,,,,,,
,,,,,,,,,,,,,,,,,,,
,,,,,,,,,,,,,,,,,,,
,,,,,,,,,,,,,,,,,,,
,,,,,,,,,,,,,,,,,,,
,,,,,,,,,,,,,,,,,,,
,,,,,,,,,,,,,,,,,,,
,,,,,,,,,,,,,,,,,,,
,,,,,,,,,,,,,,,,,,,
,,,,,,,,,,,,,,,,,,,
,,,,,,,,,,,,,,,,,,,
,,,,,,,,,,,,,,,,,,,
,,,,,,,,,,,,,,,,,,,
,,,,,,,,,,,,,,,,,,,
,,,,,,,,,,,,,,,,,,,
,,,,,,,,,,,,,,,,,,,
,,,,,,,,,,,,,,,,,,,
,,,,,,,,,,,,,,,,,,,
,,,,,,,,,,,,,,,,,,,
,,,,,,,,,,,,,,,,,,,
,,,,,,,,,,,,,,,,,,,
,,,,,,,,,,,,,,,,,,,
,,,,,,,,,,,,,,,,,,,
,,,,,,,,,,,,,,,,,,,
,,,,,,,,,,,,,,,,,,,
,,,,,,,,,,,,,,,,,,,
,,,,,,,,,,,,,,,,,,,
,,,,,,,,,,,,,,,,,,,
,,,,,,,,,,,,,,,,,,,
,,,,,,,,,,,,,,,,,,,
,,,,,,,,,,,,,,,,,,,
,,,,,,,,,,,,,,,,,,,
,,,,,,,,,,,,,,,,,,,
,,,,,,,,,,,,,,,,,,,
,,,,,,,,,,,,,,,,,,,
,,,,,,,,,,,,,,,,,,,
,,,,,,,,,,,,,,,,,,,
,,,,,,,,,,,,,,,,,,,
,,,,,,,,,,,,,,,,,,,
,,,,,,,,,,,,,,,,,,,
,,,,,,,,,,,,,,,,,,,
,,,,,,,,,,,,,,,,,,,
,,,,,,,,,,,,,,,,,,,
,,,,,,,,,,,,,,,,,,,
,,,,,,,,,,,,,,,,,,,
,,,,,,,,,,,,,,,,,,,
,,,,,,,,,,,,,,,,,,,
,,,,,,,,,,,,,,,,,,,
,,,,,,,,,,,,,,,,,,,
,,,,,,,,,,,,,,,,,,,
,,,,,,,,,,,,,,,,,,,
,,,,,,,,,,,,,,,,,,,
,,,,,,,,,,,,,,,,,,,
,,,,,,,,,,,,,,,,,,,
,,,,,,,,,,,,,,,,,,,
,,,,,,,,,,,,,,,,,,,
,,,,,,,,,,,,,,,,,,,
,,,,,,,,,,,,,,,,,,,
,,,,,,,,,,,,,,,,,,,
,,,,,,,,,,,,,,,,,,,
,,,,,,,,,,,,,,,,,,,
,,,,,,,,,,,,,,,,,,,
,,,,,,,,,,,,,,,,,,,
,,,,,,,,,,,,,,,,,,,
,,,,,,,,,,,,,,,,,,,
,,,,,,,,,,,,,,,,,,,
,,,,,,,,,,,,,,,,,,,
,,,,,,,,,,,,,,,,,,,
,,,,,,,,,,,,,,,,,,,
,,,,,,,,,,,,,,,,,,,
,,,,,,,,,,,,,,,,,,,
,,,,,,,,,,,,,,,,,,,
,,,,,,,,,,,,,,,,,,,
,,,,,,,,,,,,,,,,,,,
,,,,,,,,,,,,,,,,,,,
,,,,,,,,,,,,,,,,,,,
,,,,,,,,,,,,,,,,,,,
,,,,,,,,,,,,,,,,,,,
,,,,,,,,,,,,,,,,,,,
,,,,,,,,,,,,,,,,,,,
,,,,,,,,,,,,,,,,,,,
,,,,,,,,,,,,,,,,,,,
,,,,,,,,,,,,,,,,,,,
,,,,,,,,,,,,,,,,,,,
,,,,,,,,,,,,,,,,,,,
,,,,,,,,,,,,,,,,,,,
,,,,,,,,,,,,,,,,,,,
,,,,,,,,,,,,,,,,,,,
,,,,,,,,,,,,,,,,,,,
,,,,,,,,,,,,,,,,,,,
,,,,,,,,,,,,,,,,,,,
,,,,,,,,,,,,,,,,,,,
,,,,,,,,,,,,,,,,,,,
,,,,,,,,,,,,,,,,,,,
,,,,,,,,,,,,,,,,,,,
,,,,,,,,,,,,,,,,,,,
,,,,,,,,,,,,,,,,,,,
,,,,,,,,,,,,,,,,,,,
,,,,,,,,,,,,,,,,,,,
,,,,,,,,,,,,,,,,,,,
,,,,,,,,,,,,,,,,,,,
,,,,,,,,,,,,,,,,,,,
,,,,,,,,,,,,,,,,,,,
,,,,,,,,,,,,,,,,,,,
,,,,,,,,,,,,,,,,,,,
,,,,,,,,,,,,,,,,,,,
,,,,,,,,,,,,,,,,,,,
,,,,,,,,,,,,,,,,,,,
,,,,,,,,,,,,,,,,,,,
,,,,,,,,,,,,,,,,,,,
,,,,,,,,,,,,,,,,,,,
,,,,,,,,,,,,,,,,,,,
,,,,,,,,,,,,,,,,,,,
,,,,,,,,,,,,,,,,,,,
,,,,,,,,,,,,,,,,,,,
,,,,,,,,,,,,,,,,,,,
,,,,,,,,,,,,,,,,,,,
,,,,,,,,,,,,,,,,,,,
,,,,,,,,,,,,,,,,,,,
,,,,,,,,,,,,,,,,,,,
,,,,,,,,,,,,,,,,,,,
,,,,,,,,,,,,,,,,,,,
,,,,,,,,,,,,,,,,,,,
,,,,,,,,,,,,,,,,,,,
,,,,,,,,,,,,,,,,,,,
,,,,,,,,,,,,,,,,,,,
,,,,,,,,,,,,,,,,,,,
,,,,,,,,,,,,,,,,,,,
,,,,,,,,,,,,,,,,,,,
,,,,,,,,,,,,,,,,,,,
,,,,,,,,,,,,,,,,,,,
,,,,,,,,,,,,,,,,,,,
,,,,,,,,,,,,,,,,,,,
,,,,,,,,,,,,,,,,,,,
,,,,,,,,,,,,,,,,,,,
,,,,,,,,,,,,,,,,,,,
,,,,,,,,,,,,,,,,,,,
,,,,,,,,,,,,,,,,,,,
,,,,,,,,,,,,,,,,,,,
,,,,,,,,,,,,,,,,,,,
,,,,,,,,,,,,,,,,,,,
,,,,,,,,,,,,,,,,,,,
,,,,,,,,,,,,,,,,,,,
,,,,,,,,,,,,,,,,,,,
,,,,,,,,,,,,,,,,,,,
,,,,,,,,,,,,,,,,,,,
,,,,,,,,,,,,,,,,,,,
,,,,,,,,,,,,,,,,,,,
,,,,,,,,,,,,,,,,,,,
,,,,,,,,,,,,,,,,,,,
,,,,,,,,,,,,,,,,,,,
,,,,,,,,,,,,,,,,,,,
,,,,,,,,,,,,,,,,,,,
,,,,,,,,,,,,,,,,,,,
,,,,,,,,,,,,,,,,,,,
,,,,,,,,,,,,,,,,,,,
,,,,,,,,,,,,,,,,,,,
,,,,,,,,,,,,,,,,,,,
,,,,,,,,,,,,,,,,,,,
,,,,,,,,,,,,,,,,,,,
,,,,,,,,,,,,,,,,,,,
,,,,,,,,,,,,,,,,,,,
,,,,,,,,,,,,,,,,,,,
,,,,,,,,,,,,,,,,,,,
,,,,,,,,,,,,,,,,,,,
,,,,,,,,,,,,,,,,,,,
,,,,,,,,,,,,,,,,,,,
,,,,,,,,,,,,,,,,,,,
,,,,,,,,,,,,,,,,,,,
,,,,,,,,,,,,,,,,,,,
,,,,,,,,,,,,,,,,,,,
,,,,,,,,,,,,,,,,,,,
,,,,,,,,,,,,,,,,,,,
,,,,,,,,,,,,,,,,,,,
,,,,,,,,,,,,,,,,,,,
,,,,,,,,,,,,,,,,,,,
,,,,,,,,,,,,,,,,,,,
,,,,,,,,,,,,,,,,,,,
,,,,,,,,,,,,,,,,,,,
,,,,,,,,,,,,,,,,,,,
,,,,,,,,,,,,,,,,,,,
,,,,,,,,,,,,,,,,,,,
,,,,,,,,,,,,,,,,,,,
,,,,,,,,,,,,,,,,,,,
,,,,,,,,,,,,,,,,,,,
,,,,,,,,,,,,,,,,,,,
,,,,,,,,,,,,,,,,,,,
,,,,,,,,,,,,,,,,,,,
,,,,,,,,,,,,,,,,,,,
,,,,,,,,,,,,,,,,,,,
,,,,,,,,,,,,,,,,,,,
,,,,,,,,,,,,,,,,,,,
,,,,,,,,,,,,,,,,,,,
,,,,,,,,,,,,,,,,,,,
,,,,,,,,,,,,,,,,,,,
,,,,,,,,,,,,,,,,,,,
,,,,,,,,,,,,,,,,,,,
,,,,,,,,,,,,,,,,,,,
,,,,,,,,,,,,,,,,,,,
,,,,,,,,,,,,,,,,,,,
,,,,,,,,,,,,,,,,,,,
,,,,,,,,,,,,,,,,,,,
,,,,,,,,,,,,,,,,,,,
,,,,,,,,,,,,,,,,,,,
,,,,,,,,,,,,,,,,,,,
,,,,,,,,,,,,,,,,,,,
,,,,,,,,,,,,,,,,,,,
,,,,,,,,,,,,,,,,,,,
,,,,,,,,,,,,,,,,,,,
,,,,,,,,,,,,,,,,,,,
,,,,,,,,,,,,,,,,,,,
,,,,,,,,,,,,,,,,,,,
,,,,,,,,,,,,,,,,,,,
,,,,,,,,,,,,,,,,,,,
,,,,,,,,,,,,,,,,,,,
,,,,,,,,,,,,,,,,,,,
,,,,,,,,,,,,,,,,,,,
,,,,,,,,,,,,,,,,,,,
,,,,,,,,,,,,,,,,,,,
,,,,,,,,,,,,,,,,,,,
,,,,,,,,,,,,,,,,,,,
,,,,,,,,,,,,,,,,,,,
,,,,,,,,,,,,,,,,,,,
,,,,,,,,,,,,,,,,,,,
,,,,,,,,,,,,,,,,,,,
,,,,,,,,,,,,,,,,,,,
,,,,,,,,,,,,,,,,,,,
,,,,,,,,,,,,,,,,,,,
,,,,,,,,,,,,,,,,,,,
,,,,,,,,,,,,,,,,,,,
,,,,,,,,,,,,,,,,,,,
,,,,,,,,,,,,,,,,,,,
,,,,,,,,,,,,,,,,,,,
,,,,,,,,,,,,,,,,,,,
,,,,,,,,,,,,,,,,,,,
,,,,,,,,,,,,,,,,,,,
,,,,,,,,,,,,,,,,,,,
,,,,,,,,,,,,,,,,,,,
,,,,,,,,,,,,,,,,,,,
,,,,,,,,,,,,,,,,,,,
,,,,,,,,,,,,,,,,,,,
,,,,,,,,,,,,,,,,,,,
,,,,,,,,,,,,,,,,,,,
,,,,,,,,,,,,,,,,,,,
,,,,,,,,,,,,,,,,,,,
,,,,,,,,,,,,,,,,,,,
,,,,,,,,,,,,,,,,,,,
,,,,,,,,,,,,,,,,,,,
,,,,,,,,,,,,,,,,,,,
,,,,,,,,,,,,,,,,,,,
,,,,,,,,,,,,,,,,,,,
,,,,,,,,,,,,,,,,,,,
,,,,,,,,,,,,,,,,,,,
,,,,,,,,,,,,,,,,,,,
,,,,,,,,,,,,,,,,,,,
,,,,,,,,,,,,,,,,,,,
,,,,,,,,,,,,,,,,,,,
,,,,,,,,,,,,,,,,,,,
,,,,,,,,,,,,,,,,,,,
,,,,,,,,,,,,,,,,,,,
,,,,,,,,,,,,,,,,,,,
,,,,,,,,,,,,,,,,,,,
,,,,,,,,,,,,,,,,,,,
,,,,,,,,,,,,,,,,,,,
,,,,,,,,,,,,,,,,,,,
,,,,,,,,,,,,,,,,,,,
,,,,,,,,,,,,,,,,,,,
,,,,,,,,,,,,,,,,,,,
,,,,,,,,,,,,,,,,,,,
,,,,,,,,,,,,,,,,,,,
,,,,,,,,,,,,,,,,,,,
,,,,,,,,,,,,,,,,,,,
,,,,,,,,,,,,,,,,,,,
,,,,,,,,,,,,,,,,,,,
,,,,,,,,,,,,,,,,,,,
,,,,,,,,,,,,,,,,,,,
,,,,,,,,,,,,,,,,,,,
,,,,,,,,,,,,,,,,,,,
,,,,,,,,,,,,,,,,,,,
,,,,,,,,,,,,,,,,,,,
,,,,,,,,,,,,,,,,,,,
,,,,,,,,,,,,,,,,,,,
,,,,,,,,,,,,,,,,,,,
,,,,,,,,,,,,,,,,,,,
,,,,,,,,,,,,,,,,,,,
,,,,,,,,,,,,,,,,,,,
,,,,,,,,,,,,,,,,,,,
,,,,,,,,,,,,,,,,,,,
,,,,,,,,,,,,,,,,,,,
,,,,,,,,,,,,,,,,,,,
,,,,,,,,,,,,,,,,,,,
,,,,,,,,,,,,,,,,,,,
,,,,,,,,,,,,,,,,,,,
,,,,,,,,,,,,,,,,,,,
,,,,,,,,,,,,,,,,,,,
,,,,,,,,,,,,,,,,,,,
,,,,,,,,,,,,,,,,,,,
,,,,,,,,,,,,,,,,,,,
,,,,,,,,,,,,,,,,,,,
,,,,,,,,,,,,,,,,,,,
,,,,,,,,,,,,,,,,,,,
,,,,,,,,,,,,,,,,,,,
,,,,,,,,,,,,,,,,,,,
,,,,,,,,,,,,,,,,,,,
,,,,,,,,,,,,,,,,,,,
,,,,,,,,,,,,,,,,,,,
,,,,,,,,,,,,,,,,,,,
,,,,,,,,,,,,,,,,,,,
,,,,,,,,,,,,,,,,,,,
,,,,,,,,,,,,,,,,,,,
,,,,,,,,,,,,,,,,,,,
,,,,,,,,,,,,,,,,,,,
,,,,,,,,,,,,,,,,,,,
,,,,,,,,,,,,,,,,,,,
,,,,,,,,,,,,,,,,,,,
,,,,,,,,,,,,,,,,,,,
,,,,,,,,,,,,,,,,,,,
,,,,,,,,,,,,,,,,,,,
,,,,,,,,,,,,,,,,,,,
,,,,,,,,,,,,,,,,,,,
,,,,,,,,,,,,,,,,,,,
,,,,,,,,,,,,,,,,,,,
,,,,,,,,,,,,,,,,,,,
,,,,,,,,,,,,,,,,,,,
,,,,,,,,,,,,,,,,,,,
,,,,,,,,,,,,,,,,,,,
,,,,,,,,,,,,,,,,,,,
,,,,,,,,,,,,,,,,,,,
,,,,,,,,,,,,,,,,,,,
,,,,,,,,,,,,,,,,,,,
,,,,,,,,,,,,,,,,,,,
,,,,,,,,,,,,,,,,,,,
,,,,,,,,,,,,,,,,,,,
,,,,,,,,,,,,,,,,,,,
,,,,,,,,,,,,,,,,,,,
,,,,,,,,,,,,,,,,,,,
,,,,,,,,,,,,,,,,,,,
,,,,,,,,,,,,,,,,,,,
,,,,,,,,,,,,,,,,,,,
,,,,,,,,,,,,,,,,,,,
,,,,,,,,,,,,,,,,,,,
,,,,,,,,,,,,,,,,,,,
,,,,,,,,,,,,,,,,,,,
,,,,,,,,,,,,,,,,,,,
,,,,,,,,,,,,,,,,,,,
,,,,,,,,,,,,,,,,,,,
,,,,,,,,,,,,,,,,,,,
,,,,,,,,,,,,,,,,,,,
,,,,,,,,,,,,,,,,,,,
,,,,,,,,,,,,,,,,,,,
,,,,,,,,,,,,,,,,,,,
,,,,,,,,,,,,,,,,,,,
,,,,,,,,,,,,,,,,,,,
,,,,,,,,,,,,,,,,,,,
,,,,,,,,,,,,,,,,,,,
,,,,,,,,,,,,,,,,,,,
,,,,,,,,,,,,,,,,,,,
,,,,,,,,,,,,,,,,,,,
,,,,,,,,,,,,,,,,,,,
,,,,,,,,,,,,,,,,,,,
,,,,,,,,,,,,,,,,,,,
,,,,,,,,,,,,,,,,,,,
,,,,,,,,,,,,,,,,,,,
,,,,,,,,,,,,,,,,,,,
,,,,,,,,,,,,,,,,,,,
,,,,,,,,,,,,,,,,,,,
,,,,,,,,,,,,,,,,,,,
,,,,,,,,,,,,,,,,,,,
,,,,,,,,,,,,,,,,,,,
,,,,,,,,,,,,,,,,,,,
,,,,,,,,,,,,,,,,,,,
,,,,,,,,,,,,,,,,,,,
,,,,,,,,,,,,,,,,,,,
,,,,,,,,,,,,,,,,,,,
,,,,,,,,,,,,,,,,,,,
,,,,,,,,,,,,,,,,,,,
,,,,,,,,,,,,,,,,,,,
,,,,,,,,,,,,,,,,,,,
,,,,,,,,,,,,,,,,,,,
,,,,,,,,,,,,,,,,,,,
,,,,,,,,,,,,,,,,,,,
,,,,,,,,,,,,,,,,,,,
,,,,,,,,,,,,,,,,,,,
,,,,,,,,,,,,,,,,,,,
,,,,,,,,,,,,,,,,,,,
,,,,,,,,,,,,,,,,,,,
,,,,,,,,,,,,,,,,,,,
,,,,,,,,,,,,,,,,,,,
,,,,,,,,,,,,,,,,,,,
,,,,,,,,,,,,,,,,,,,
,,,,,,,,,,,,,,,,,,,
,,,,,,,,,,,,,,,,,,,
,,,,,,,,,,,,,,,,,,,
,,,,,,,,,,,,,,,,,,,
,,,,,,,,,,,,,,,,,,,
,,,,,,,,,,,,,,,,,,,
,,,,,,,,,,,,,,,,,,,
,,,,,,,,,,,,,,,,,,,
,,,,,,,,,,,,,,,,,,,
,,,,,,,,,,,,,,,,,,,
,,,,,,,,,,,,,,,,,,,
,,,,,,,,,,,,,,,,,,,
,,,,,,,,,,,,,,,,,,,
,,,,,,,,,,,,,,,,,,,
,,,,,,,,,,,,,,,,,,,
,,,,,,,,,,,,,,,,,,,
,,,,,,,,,,,,,,,,,,,
,,,,,,,,,,,,,,,,,,,
,,,,,,,,,,,,,,,,,,,
,,,,,,,,,,,,,,,,,,,
,,,,,,,,,,,,,,,,,,,
,,,,,,,,,,,,,,,,,,,
,,,,,,,,,,,,,,,,,,,
,,,,,,,,,,,,,,,,,,,
,,,,,,,,,,,,,,,,,,,
,,,,,,,,,,,,,,,,,,,
,,,,,,,,,,,,,,,,,,,
,,,,,,,,,,,,,,,,,,,
,,,,,,,,,,,,,,,,,,,
,,,,,,,,,,,,,,,,,,,
,,,,,,,,,,,,,,,,,,,
,,,,,,,,,,,,,,,,,,,
,,,,,,,,,,,,,,,,,,,
,,,,,,,,,,,,,,,,,,,
,,,,,,,,,,,,,,,,,,,
,,,,,,,,,,,,,,,,,,,
,,,,,,,,,,,,,,,,,,,
,,,,,,,,,,,,,,,,,,,
,,,,,,,,,,,,,,,,,,,
,,,,,,,,,,,,,,,,,,,
,,,,,,,,,,,,,,,,,,,
,,,,,,,,,,,,,,,,,,,
,,,,,,,,,,,,,,,,,,,
,,,,,,,,,,,,,,,,,,,
,,,,,,,,,,,,,,,,,,,
,,,,,,,,,,,,,,,,,,,
,,,,,,,,,,,,,,,,,,,
,,,,,,,,,,,,,,,,,,,
,,,,,,,,,,,,,,,,,,,
,,,,,,,,,,,,,,,,,,,
,,,,,,,,,,,,,,,,,,,
,,,,,,,,,,,,,,,,,,,
,,,,,,,,,,,,,,,,,,,
,,,,,,,,,,,,,,,,,,,
,,,,,,,,,,,,,,,,,,,
,,,,,,,,,,,,,,,,,,,
,,,,,,,,,,,,,,,,,,,
,,,,,,,,,,,,,,,,,,,
,,,,,,,,,,,,,,,,,,,
,,,,,,,,,,,,,,,,,,,
,,,,,,,,,,,,,,,,,,,
,,,,,,,,,,,,,,,,,,,
,,,,,,,,,,,,,,,,,,,
,,,,,,,,,,,,,,,,,,,
,,,,,,,,,,,,,,,,,,,
,,,,,,,,,,,,,,,,,,,
,,,,,,,,,,,,,,,,,,,
,,,,,,,,,,,,,,,,,,,
,,,,,,,,,,,,,,,,,,,
,,,,,,,,,,,,,,,,,,,
,,,,,,,,,,,,,,,,,,,
,,,,,,,,,,,,,,,,,,,
,,,,,,,,,,,,,,,,,,,
,,,,,,,,,,,,,,,,,,,
,,,,,,,,,,,,,,,,,,,
,,,,,,,,,,,,,,,,,,,
,,,,,,,,,,,,,,,,,,,
,,,,,,,,,,,,,,,,,,,
,,,,,,,,,,,,,,,,,,,
,,,,,,,,,,,,,,,,,,,
,,,,,,,,,,,,,,,,,,,
,,,,,,,,,,,,,,,,,,,
,,,,,,,,,,,,,,,,,,,
,,,,,,,,,,,,,,,,,,,
,,,,,,,,,,,,,,,,,,,
,,,,,,,,,,,,,,,,,,,
,,,,,,,,,,,,,,,,,,,
,,,,,,,,,,,,,,,,,,,
,,,,,,,,,,,,,,,,,,,
,,,,,,,,,,,,,,,,,,,
,,,,,,,,,,,,,,,,,,,
,,,,,,,,,,,,,,,,,,,
,,,,,,,,,,,,,,,,,,,
,,,,,,,,,,,,,,,,,,,
,,,,,,,,,,,,,,,,,,,
,,,,,,,,,,,,,,,,,,,
,,,,,,,,,,,,,,,,,,,
,,,,,,,,,,,,,,,,,,,
,,,,,,,,,,,,,,,,,,,
,,,,,,,,,,,,,,,,,,,
,,,,,,,,,,,,,,,,,,,
,,,,,,,,,,,,,,,,,,,
,,,,,,,,,,,,,,,,,,,
,,,,,,,,,,,,,,,,,,,
,,,,,,,,,,,,,,,,,,,
,,,,,,,,,,,,,,,,,,,
,,,,,,,,,,,,,,,,,,,
,,,,,,,,,,,,,,,,,,,
,,,,,,,,,,,,,,,,,,,
,,,,,,,,,,,,,,,,,,,
,,,,,,,,,,,,,,,,,,,
,,,,,,,,,,,,,,,,,,,
,,,,,,,,,,,,,,,,,,,
,,,,,,,,,,,,,,,,,,,
,,,,,,,,,,,,,,,,,,,
,,,,,,,,,,,,,,,,,,,
,,,,,,,,,,,,,,,,,,,
,,,,,,,,,,,,,,,,,,,
,,,,,,,,,,,,,,,,,,,
,,,,,,,,,,,,,,,,,,,
,,,,,,,,,,,,,,,,,,,
,,,,,,,,,,,,,,,,,,,
,,,,,,,,,,,,,,,,,,,
,,,,,,,,,,,,,,,,,,,
,,,,,,,,,,,,,,,,,,,
,,,,,,,,,,,,,,,,,,,
,,,,,,,,,,,,,,,,,,,
,,,,,,,,,,,,,,,,,,,
,,,,,,,,,,,,,,,,,,,
,,,,,,,,,,,,,,,,,,,
,,,,,,,,,,,,,,,,,,,
,,,,,,,,,,,,,,,,,,,
,,,,,,,,,,,,,,,,,,,
,,,,,,,,,,,,,,,,,,,
,,,,,,,,,,,,,,,,,,,
,,,,,,,,,,,,,,,,,,,
,,,,,,,,,,,,,,,,,,,
,,,,,,,,,,,,,,,,,,,
,,,,,,,,,,,,,,,,,,,
,,,,,,,,,,,,,,,,,,,
,,,,,,,,,,,,,,,,,,,
,,,,,,,,,,,,,,,,,,,
,,,,,,,,,,,,,,,,,,,
,,,,,,,,,,,,,,,,,,,
,,,,,,,,,,,,,,,,,,,
,,,,,,,,,,,,,,,,,,,
,,,,,,,,,,,,,,,,,,,
,,,,,,,,,,,,,,,,,,,
,,,,,,,,,,,,,,,,,,,
,,,,,,,,,,,,,,,,,,,
,,,,,,,,,,,,,,,,,,,
,,,,,,,,,,,,,,,,,,,
,,,,,,,,,,,,,,,,,,,
,,,,,,,,,,,,,,,,,,,
,,,,,,,,,,,,,,,,,,,
,,,,,,,,,,,,,,,,,,,
,,,,,,,,,,,,,,,,,,,
,,,,,,,,,,,,,,,,,,,
,,,,,,,,,,,,,,,,,,,
,,,,,,,,,,,,,,,,,,,
,,,,,,,,,,,,,,,,,,,
,,,,,,,,,,,,,,,,,,,
,,,,,,,,,,,,,,,,,,,
,,,,,,,,,,,,,,,,,,,
,,,,,,,,,,,,,,,,,,,
,,,,,,,,,,,,,,,,,,,
,,,,,,,,,,,,,,,,,,,
,,,,,,,,,,,,,,,,,,,
,,,,,,,,,,,,,,,,,,,
,,,,,,,,,,,,,,,,,,,
,,,,,,,,,,,,,,,,,,,
,,,,,,,,,,,,,,,,,,,
,,,,,,,,,,,,,,,,,,,
,,,,,,,,,,,,,,,,,,,
,,,,,,,,,,,,,,,,,,,
,,,,,,,,,,,,,,,,,,,
,,,,,,,,,,,,,,,,,,,
,,,,,,,,,,,,,,,,,,,
,,,,,,,,,,,,,,,,,,,
,,,,,,,,,,,,,,,,,,,
,,,,,,,,,,,,,,,,,,,
,,,,,,,,,,,,,,,,,,,
,,,,,,,,,,,,,,,,,,,
,,,,,,,,,,,,,,,,,,,
,,,,,,,,,,,,,,,,,,,
,,,,,,,,,,,,,,,,,,,
,,,,,,,,,,,,,,,,,,,
,,,,,,,,,,,,,,,,,,,
,,,,,,,,,,,,,,,,,,,
,,,,,,,,,,,,,,,,,,,
,,,,,,,,,,,,,,,,,,,
,,,,,,,,,,,,,,,,,,,
,,,,,,,,,,,,,,,,,,,
,,,,,,,,,,,,,,,,,,,
,,,,,,,,,,,,,,,,,,,
,,,,,,,,,,,,,,,,,,,
,,,,,,,,,,,,,,,,,,,
,,,,,,,,,,,,,,,,,,,
,,,,,,,,,,,,,,,,,,,
,,,,,,,,,,,,,,,,,,,
,,,,,,,,,,,,,,,,,,,
,,,,,,,,,,,,,,,,,,,
,,,,,,,,,,,,,,,,,,,
,,,,,,,,,,,,,,,,,,,
,,,,,,,,,,,,,,,,,,,
,,,,,,,,,,,,,,,,,,,
,,,,,,,,,,,,,,,,,,,
,,,,,,,,,,,,,,,,,,,
,,,,,,,,,,,,,,,,,,,
,,,,,,,,,,,,,,,,,,,
,,,,,,,,,,,,,,,,,,,
,,,,,,,,,,,,,,,,,,,
,,,,,,,,,,,,,,,,,,,
,,,,,,,,,,,,,,,,,,,
,,,,,,,,,,,,,,,,,,,
,,,,,,,,,,,,,,,,,,,
,,,,,,,,,,,,,,,,,,,
,,,,,,,,,,,,,,,,,,,
,,,,,,,,,,,,,,,,,,,
,,,,,,,,,,,,,,,,,,,
,,,,,,,,,,,,,,,,,,,
,,,,,,,,,,,,,,,,,,,
,,,,,,,,,,,,,,,,,,,
,,,,,,,,,,,,,,,,,,,
,,,,,,,,,,,,,,,,,,,
,,,,,,,,,,,,,,,,,,,
,,,,,,,,,,,,,,,,,,,
,,,,,,,,,,,,,,,,,,,
,,,,,,,,,,,,,,,,,,,
,,,,,,,,,,,,,,,,,,,
,,,,,,,,,,,,,,,,,,,
,,,,,,,,,,,,,,,,,,,
,,,,,,,,,,,,,,,,,,,
,,,,,,,,,,,,,,,,,,,
,,,,,,,,,,,,,,,,,,,
,,,,,,,,,,,,,,,,,,,
,,,,,,,,,,,,,,,,,,,
,,,,,,,,,,,,,,,,,,,
,,,,,,,,,,,,,,,,,,,
,,,,,,,,,,,,,,,,,,,
,,,,,,,,,,,,,,,,,,,
,,,,,,,,,,,,,,,,,,,
,,,,,,,,,,,,,,,,,,,
,,,,,,,,,,,,,,,,,,,
,,,,,,,,,,,,,,,,,,,
,,,,,,,,,,,,,,,,,,,
,,,,,,,,,,,,,,,,,,,
,,,,,,,,,,,,,,,,,,,
,,,,,,,,,,,,,,,,,,,
,,,,,,,,,,,,,,,,,,,
,,,,,,,,,,,,,,,,,,,
,,,,,,,,,,,,,,,,,,,
,,,,,,,,,,,,,,,,,,,
,,,,,,,,,,,,,,,,,,,
,,,,,,,,,,,,,,,,,,,
,,,,,,,,,,,,,,,,,,,
,,,,,,,,,,,,,,,,,,,
,,,,,,,,,,,,,,,,,,,
,,,,,,,,,,,,,,,,,,,
,,,,,,,,,,,,,,,,,,,
,,,,,,,,,,,,,,,,,,,
,,,,,,,,,,,,,,,,,,,
,,,,,,,,,,,,,,,,,,,
,,,,,,,,,,,,,,,,,,,
,,,,,,,,,,,,,,,,,,,
,,,,,,,,,,,,,,,,,,,
,,,,,,,,,,,,,,,,,,,
,,,,,,,,,,,,,,,,,,,
,,,,,,,,,,,,,,,,,,,
,,,,,,,,,,,,,,,,,,,
,,,,,,,,,,,,,,,,,,,
,,,,,,,,,,,,,,,,,,,
,,,,,,,,,,,,,,,,,,,
,,,,,,,,,,,,,,,,,,,
,,,,,,,,,,,,,,,,,,,
,,,,,,,,,,,,,,,,,,,
,,,,,,,,,,,,,,,,,,,
,,,,,,,,,,,,,,,,,,,
,,,,,,,,,,,,,,,,,,,
,,,,,,,,,,,,,,,,,,,
,,,,,,,,,,,,,,,,,,,
,,,,,,,,,,,,,,,,,,,
,,,,,,,,,,,,,,,,,,,
,,,,,,,,,,,,,,,,,,,
,,,,,,,,,,,,,,,,,,,
,,,,,,,,,,,,,,,,,,,
,,,,,,,,,,,,,,,,,,,
,,,,,,,,,,,,,,,,,,,
,,,,,,,,,,,,,,,,,,,
,,,,,,,,,,,,,,,,,,,
,,,,,,,,,,,,,,,,,,,
,,,,,,,,,,,,,,,,,,,
,,,,,,,,,,,,,,,,,,,
,,,,,,,,,,,,,,,,,,,
,,,,,,,,,,,,,,,,,,,
,,,,,,,,,,,,,,,,,,,
,,,,,,,,,,,,,,,,,,,
,,,,,,,,,,,,,,,,,,,
,,,,,,,,,,,,,,,,,,,
,,,,,,,,,,,,,,,,,,,
,,,,,,,,,,,,,,,,,,,
,,,,,,,,,,,,,,,,,,,
,,,,,,,,,,,,,,,,,,,
,,,,,,,,,,,,,,,,,,,
,,,,,,,,,,,,,,,,,,,
,,,,,,,,,,,,,,,,,,,
,,,,,,,,,,,,,,,,,,,
,,,,,,,,,,,,,,,,,,,
,,,,,,,,,,,,,,,,,,,
,,,,,,,,,,,,,,,,,,,
,,,,,,,,,,,,,,,,,,,
,,,,,,,,,,,,,,,,,,,
,,,,,,,,,,,,,,,,,,,
,,,,,,,,,,,,,,,,,,,
,,,,,,,,,,,,,,,,,,,
,,,,,,,,,,,,,,,,,,,
,,,,,,,,,,,,,,,,,,,
,,,,,,,,,,,,,,,,,,,
,,,,,,,,,,,,,,,,,,,
,,,,,,,,,,,,,,,,,,,
,,,,,,,,,,,,,,,,,,,
,,,,,,,,,,,,,,,,,,,
,,,,,,,,,,,,,,,,,,,
,,,,,,,,,,,,,,,,,,,
,,,,,,,,,,,,,,,,,,,
